_id,makerCode,makerName,modelCode,modelKo,modelEn,detailModelKo,detailModeEn,modelUpdateTime
1,abt,ABARTH,abt50,500,500,,,20230421162533
2,acr,ACURA,acrcl,CL,CL,,,20230421162533
3,acr,ACURA,acril,ILX,ILX,,,20230421162533
4,acr,ACURA,acrin,인테그라,INTEGRA,,,20230421162533
5,acr,ACURA,acrle,레전드,LEGEND,,,20230421162533
6,acr,ACURA,acrmd,MDX,MDX,,,20230421162533
7,acr,ACURA,acrns,NSX,NSX,,,20230421162533
8,acr,ACURA,acrrd,RDX,RDX,,,20230421162533
9,acr,ACURA,acrrl,RL,RL,,,20230421162533
10,acr,ACURA,acrrs,RSX,RSX,,,20230421162533
11,acr,ACURA,acrrx,RLX,RLX,,,20230421162533
12,acr,ACURA,acrsl,SLX,SLX,,,20230421162533
13,acr,ACURA,acrtl,TL,TL,,,20230421162533
14,acr,ACURA,acrts,TSX,TSX,,,20230421162533
15,acr,ACURA,acrtx,TLX,TLX,,,20230421162533
16,acr,ACURA,acrvi,비거,VIGOR,,,20230421162533
17,acr,ACURA,acrzd,ZDX,ZDX,,,20230421162533
18,acr,ACURA,acrcdx,CDX,CDX,,,20230421162533
19,arm,ALFA ROMEO,arm4c,4C,4C,,,20230421162533
20,arm,ALFA ROMEO,armgl,줄리아,GIULIA,,,20230421162533
21,arm,ALFA ROMEO,arm147,147,147,,,20230421162533
22,arm,ALFA ROMEO,arm156,156,156,,,20230421162533
23,arm,ALFA ROMEO,arm159,159,159,,,20230421162533
24,arm,ALFA ROMEO,arm8c,8C,8C,,,20230421162533
25,arm,ALFA ROMEO,armglt,줄리에타,GIULIETTA,,,20230421162533
26,arm,ALFA ROMEO,armgt,GT,GT,,,20230421162533
27,arm,ALFA ROMEO,armmt,미토,MITO,,,20230421162533
28,arm,ALFA ROMEO,armsp,스파이더,SPIDER,,,20230421162533
29,arm,ALFA ROMEO,armsv,스텔비오,STELVIO,,,20230421162533
30,apo,ALPHEON,apoap,알페온,ALPHEON,,,20230421162533
31,apo,ALPHEON,apoea,E Assist,E ASSIST,,,20230421162533
32,amt,ASTON MARTIN,amtcy,시그넷,CYGNET,,,20230421162533
33,amt,ASTON MARTIN,amtd7,DB7,DB7,,,20230421162533
34,amt,ASTON MARTIN,amtd9,DB9,DB9,,,20230421162533
35,amt,ASTON MARTIN,amtds,DBS,DBS,,,20230421162533
36,amt,ASTON MARTIN,amtrp,라피드,RAPIDE,,,20230421162533
37,amt,ASTON MARTIN,amtvq,뱅퀴시,VANQUISH,,,20230421162533
38,amt,ASTON MARTIN,amtvr,비라지,VIRAGE,,,20230421162533
39,amt,ASTON MARTIN,amtvt,밴티지,VANTAGE,,,20230421162533
40,amt,ASTON MARTIN,amtd11,DB11,DB11,,,20230421162533
41,amt,ASTON MARTIN,amto77,ONE-77,ONE-77,,,20230421162533
42,amt,ASTON MARTIN,amtvc,불칸,VULCAN,,,20230421162533
43,amt,ASTON MARTIN,amtvkr,발키리,VALKYRIE,,,20230421162533
44,aud,AUDI,AUD12,A1,A1,소형,,20230421162533
45,aud,AUDI,AUD13,A2,A2,소형,,20230421162533
46,aud,AUDI,AUD14,A3,A3,소형,,20230421162533
47,aud,AUDI,AUD15,A4,A4,중형,,20230421162533
48,aud,AUDI,AUD16,A5,A5,중형,,20230421162533
49,aud,AUDI,AUD17,A6,A6,대형,,20230421162533
50,aud,AUDI,AUD18,A7,A7,대형,,20230421162533
51,aud,AUDI,AUD19,A8,A8,대형,,20230421162533
52,aud,AUDI,AUD20,Q2,Q2,SUV,,20230421162533
53,aud,AUDI,AUD21,Q3,Q3,SUV,,20230421162533
54,aud,AUDI,AUD22,Q5,Q5,SUV,,20230421162533
55,aud,AUDI,AUD23,Q7,Q7,SUV,,20230421162533
56,aud,AUDI,AUD24,Q8,Q8,SUV,,20230421162533
57,aud,AUDI,AUD25,TT,TT,스포츠카,,20230421162533
58,aud,AUDI,AUD26,TTS,TTS,스포츠카,,20230421162533
59,aud,AUDI,AUD27,TTRS,TTRS,스포츠카,,20230421162533
60,aud,AUDI,AUD28,S1,S1,,,20230421162533
61,aud,AUDI,AUD29,S2,S2,,,20230421162533
62,aud,AUDI,AUD30,S3,S3,,,20230421162533
63,aud,AUDI,AUD31,S4,S4,,,20230421162533
64,aud,AUDI,AUD32,S5,S5,,,20230421162533
65,aud,AUDI,AUD33,S6,S6,,,20230421162533
66,aud,AUDI,AUD34,S7,S7,,,20230421162533
67,aud,AUDI,AUD35,RS3,RS3,,,20230421162533
68,aud,AUDI,AUD36,RS4,RS4,,,20230421162533
69,aud,AUDI,AUD37,RS5,RS5,,,20230421162533
70,aud,AUDI,AUD38,RS6,RS6,,,20230421162533
71,aud,AUDI,AUD39,RS7,RS7,,,20230421162533
72,aud,AUDI,AUD40,RS Q3,RS Q3,,,20230421162533
73,aud,AUDI,AUD41,R8,R8,,,20230421162533
74,aud,AUDI,auds8,S8,S8,,,20230421162533
75,aud,AUDI,audsq,SQ5,SQ5,,,20230421162533
76,aud,AUDI,AUD42,100,100,,,20230421162533
77,aud,AUDI,AUD43,200,200,,,20230421162533
78,aud,AUDI,AUD44,80,80,,,20230421162533
79,aud,AUDI,AUD45,RS1,RS1,,,20230421162533
80,aud,AUDI,AUD46,RS2,RS2,,,20230421162533
81,aud,AUDI,AUD47,RS8,RS8,,,20230421162533
82,aud,AUDI,AUD48,S8,S8,,,20230421162533
83,aud,AUDI,AUD49,SQ5,SQ5,,,20230421162533
84,aud,AUDI,AUD50,SQ7,SQ7,,,20230421162533
85,btl,BENTLEY,bntga,벤테이가,BENTAYGA,,,20230421162533
86,btl,BENTLEY,btlar,아르나지,ARNAGE,,,20230421162533
87,btl,BENTLEY,btlaz,아주르,AZURE,,,20230421162533
88,btl,BENTLEY,btlbr,브룩랜즈,BROOKLANDS,,,20230421162533
89,btl,BENTLEY,cntgt,컨티넨탈 GT,CONTINENTAL GT,,,20230421162533
90,btl,BENTLEY,cntnt,컨티넨탈,CONTINENTAL,,,20230421162533
91,btl,BENTLEY,flisp,플라잉 스퍼,FLYING SPUR,,,20230421162533
92,btl,BENTLEY,mlsnn,뮬산,MULSANNE,,,20230421162533
93,btl,BENTLEY,cntntfs,컨티넨탈 플라잉스퍼,CONTINENTAL FLYING SPUR,,,20230421162533
94,btl,BENTLEY,cntntgtc,컨티넨탈 GTC,CONTINENTAL GTC,,,20230421162533
95,bmw,BMW,bmw1s,1 시리즈,1 SERIES,,,20230421162533
96,bmw,BMW,bmw22,2 시리즈,2 SERIES,,"Coupe, Convertible",20230421162533
97,bmw,BMW,bmw33,3 시리즈,3 SERIES,,"Sedan, Sports Wagon, Gran Turismo",20230421162533
98,bmw,BMW,bmw44,4 시리즈,4 SERIES,,"Coupe, Gran Coupe, Convertible",20230421162533
99,bmw,BMW,bmw55,5 시리즈,5 SERIES,,Sedan,20230421162533
100,bmw,BMW,bmw66,6 시리즈,6 SERIES,,"Gran Coupe, Convertible, ALPINA Gran Coupe, Gran Turismo",20230421162533
101,bmw,BMW,bmw77,7 시리즈,7 SERIES,,Sedan,20230421162533
102,bmw,BMW,bmwii,I 시리즈,I SERIES,,,20230421162533
103,bmw,BMW,bmwmi,미니쿠퍼,MINI,,,20230421162533
104,bmw,BMW,bmwmm,M 시리즈,M SERIES,,"Sedan, Coupe, Gran Coupe, Convertible,Sports Activity Vehicle, Sports Activity Coupe",20230421162533
105,bmw,BMW,bmwxx,X 시리즈,X SERIES,,"Sports Activity Vehicle, Sports Activity Coupe",20230421162533
106,bmw,BMW,bmwzz,Z 시리즈,Z SERIES,,Roadster,20230421162533
107,bgw,BORGWARD,bgwbx5,BX5,BX5,,,20230421162533
108,bgw,BORGWARD,bgwbx7,BX7,BX7,,,20230421162533
109,bgt,BUGATTI,chirn,시론,CHIRON,,,20230421162533
110,bgt,BUGATTI,veyrn,베이론,VEYRON,,,20230421162533
111,bgt,BUGATTI,bgtdv,디보,DIVO,,,20230421162533
112,bck,BUICK,bck11,리갈,REGAL,,,20230421162533
113,bck,BUICK,bck22,라크로스,LACROSSE,,,20230421162533
114,bck,BUICK,bck33,카스카다,CASCADA,,,20230421162533
115,bck,BUICK,bck44,엔클레이브,ENCLAVE,,,20230421162533
116,bck,BUICK,bck55,앙코르,ENCORE,,,20230421162533
117,bck,BUICK,bck66,엔비전,ENVISION,,,20230421162533
118,bck,BUICK,bckce,센추리,CENTURY,,,20230421162533
119,bck,BUICK,bckel,일렉트라,ELECTRA,,,20230421162533
120,bck,BUICK,bckes,에스테이트 왜건,ESTATE WAGON,,,20230421162533
121,bck,BUICK,bcklc,루체른,LUCERNE,,,20230421162533
122,bck,BUICK,bckls,르세이버,LESABRE,,,20230421162533
123,bck,BUICK,bckpa,파크 애비뉴,PARK AVENUE,,,20230421162533
124,bck,BUICK,bckrd,랑데부,RENDEZVOUS,,,20230421162533
125,bck,BUICK,bckrm,로드마스터,ROADMASTER,,,20230421162533
126,bck,BUICK,bckrn,레이니어,RAINIER,,,20230421162533
127,bck,BUICK,bckrt,레아타,REATTA,,,20230421162533
128,bck,BUICK,bckrv,리비에라,RIVIERA,,,20230421162533
129,bck,BUICK,bcksl,스카이락,SKYLARK,,,20230421162533
130,bck,BUICK,bcktr,테라자,TERRAZA,,,20230421162533
131,bck,BUICK,bckvr,베라노,VERANO,,,20230421162533
132,bck,BUICK,bckec,엑셀,EXCELLE,,,20230421162533
133,bck,BUICK,bckev,엔비전,ENVISION,,,20230421162533
134,bck,BUICK,bckgl,GL,GL,,,20230421162533
135,bck,BUICK,bckrggs,리갈 GS,REGAL GS,,,20230421162533
136,bck,BUICK,bckrym,로이엄,ROYAUM,,,20230421162533
137,bck,BUICK,bckvet,벨라이트,VELITE,,,20230421162533
138,cdl,CADILLAC,cdl11,ATS,ATS,,,20230421162533
139,cdl,CADILLAC,cdl22,CTS,CTS,,,20230421162533
140,cdl,CADILLAC,cdl33,XTS,XTS,,,20230421162533
141,cdl,CADILLAC,cdl44,CT6,CT6,,,20230421162533
142,cdl,CADILLAC,cdl55,XT5,XT5,,,20230421162533
143,cdl,CADILLAC,cdl66,에스컬레이드,ESCALADE,,,20230421162533
144,cdl,CADILLAC,cdlal,알란테,ALLANTE,,,20230421162533
145,cdl,CADILLAC,cdlav,ATS-V,ATS-V,,,20230421162533
146,cdl,CADILLAC,cdlbr,브로엄,BROUGHAM,,,20230421162533
147,cdl,CADILLAC,cdlct,카테라,CATERA,,,20230421162533
148,cdl,CADILLAC,cdlcv,CTS-V,CTS-V,,,20230421162533
149,cdl,CADILLAC,cdldt,DTS,DTS,,,20230421162533
150,cdl,CADILLAC,cdldv,드빌,DEVILLE,,,20230421162533
151,cdl,CADILLAC,cdled,엘도라도,ELDORADO,,,20230421162533
152,cdl,CADILLAC,cdlei,ELR,ELR,,,20230421162533
153,cdl,CADILLAC,cdlfl,플리트우드,FLEETWOOD,,,20230421162533
154,cdl,CADILLAC,cdlse,스빌,SEVILLE,,,20230421162533
155,cdl,CADILLAC,cdlsr,SRX,SRX,,,20230421162533
156,cdl,CADILLAC,cdlss,식스티 스페셜,SIXTY SPECIAL,,,20230421162533
157,cdl,CADILLAC,cdlst,STS,STS,,,20230421162533
158,cdl,CADILLAC,cdlsv,STS-V,STS-V,,,20230421162533
159,cdl,CADILLAC,cdlxl,XLR,XLR,,,20230421162533
160,cdl,CADILLAC,cdlxt,XT7,XT7,,,20230421162533
161,cdl,CADILLAC,cdlxv,XLR-V,XLR-V,,,20230421162533
162,cdl,CADILLAC,cdlxt0,XT,XT,,,20230421162533
163,chv,CHEVROLET,chv10,S-10,S-10,,,20230421162533
164,chv,CHEVROLET,chval,아발란체,AVALANCHE,,,20230421162533
165,chv,CHEVROLET,chvas,아스트로,ASTRO,,,20230421162533
166,chv,CHEVROLET,chvav,아베오,AVEO,,,20230421162533
167,chv,CHEVROLET,chvbl,블레이저,BLAZER,,,20230421162533
168,chv,CHEVROLET,chvbo,볼트(BOLT),BOLT,,,20230421162533
169,chv,CHEVROLET,chvbr,베레타,BERETTA,,,20230421162533
170,chv,CHEVROLET,chvca,카마로,CAMARO,,,20230421162533
171,chv,CHEVROLET,chvcb,코발트,COBALT,,,20230421162533
172,chv,CHEVROLET,chvcc,클래식,CLASSIC,,,20230421162533
173,chv,CHEVROLET,chvcd,콜로라도,COLORADO,,,20230421162533
174,chv,CHEVROLET,chvce,시티 익스프레스,CITY EXPRESS,,,20230421162533
175,chv,CHEVROLET,chvck,C/K,C/K,,,20230421162533
176,chv,CHEVROLET,chvcl,셀러브리티,CELEBRITY,,,20230421162533
177,chv,CHEVROLET,chvco,코르시카,CORSICA,,,20230421162533
178,chv,CHEVROLET,chvcp,캡티바,CAPTIVA,,,20230421162533
179,chv,CHEVROLET,chvcr,카프리스,CAPRICE,,,20230421162533
180,chv,CHEVROLET,chvct,콜벳,CORVETTE,,"CORVETTE STINGRAY, CORVETTE GRAND SPORT, CORVETTE ZO6, CORVETTE ZR1",20230421162533
181,chv,CHEVROLET,chvclt,셀타,CELTA,,,20230421162533
182,chv,CHEVROLET,chvcv,캐벌리어,CAVALIER,,,20230421162533
183,chv,CHEVROLET,chvcz,크루즈,CRUZE,,,20230421162533
184,chv,CHEVROLET,chveq,에퀴녹스,EQUINOX,,,20230421162533
185,chv,CHEVROLET,chvex,익스프레스밴,EXPRESS,,"EXPRESS CUTAWAY, EXPRESS CARGO, EXPRESS PASSENGER",20230421162533
186,chv,CHEVROLET,chvhh,HHR,HHR,,,20230421162533
187,chv,CHEVROLET,chvim,임팔라,IMPALA,,,20230421162533
188,chv,CHEVROLET,chvlm,루미나,LUMINA,,,20230421162533
189,chv,CHEVROLET,chvma,말리부,MALIBU,,,20230421162533
190,chv,CHEVROLET,chvmc,몬테카를로,MONTE CARLO,,,20230421162533
191,chv,CHEVROLET,chvmm,말리부 Maxx,MALIBU MAXX,,,20230421162533
192,chv,CHEVROLET,chvmt,메트로,METRO,,,20230421162533
193,chv,CHEVROLET,chvod,올란도,ORLANDO,,,20230421162533
194,chv,CHEVROLET,chvox,오닉스,ONIX,,,20230421162533
195,chv,CHEVROLET,chvpz,프리즘,PRIZM,,,20230421162533
196,chv,CHEVROLET,chvrv,R/V 3500 시리즈,R/V 3500 SERIES,,,20230421162533
197,chv,CHEVROLET,chvsi,실버라도,SILVERADO,,"SILVERADO 1500, 2500HD, 3500HD, CHASSIS CAB",20230421162533
198,chv,CHEVROLET,chvso,소닉,SONIC,,,20230421162533
199,chv,CHEVROLET,chvsp,스파크,SPARK,,,20230421162533
200,chv,CHEVROLET,chvsr,SSR,SSR,,,20230421162533
201,chv,CHEVROLET,chvss,SS,SS,,,20230421162533
202,chv,CHEVROLET,chvsu,서버번,SUBURBAN,,,20230421162533
203,chv,CHEVROLET,chvsv,스포츠밴,SPORTVAN,,,20230421162533
204,chv,CHEVROLET,chvta,타호,TAHOE,,,20230421162533
205,chv,CHEVROLET,chvtb,트레일블레이저,TRAILBLAZER,,,20230421162533
206,chv,CHEVROLET,chvtk,트래커,TRACKER,,,20230421162533
207,chv,CHEVROLET,chvtr,트랙스,TRAX,,,20230421162533
208,chv,CHEVROLET,chvtv,트래버스,TRAVERSE,,,20230421162533
209,chv,CHEVROLET,chvup,업랜더,UPLANDER,,,20230421162533
210,chv,CHEVROLET,chvvn,밴,CHEVY VAN,,,20230421162533
211,chv,CHEVROLET,chvvo,볼트(VOLT),VOLT,"볼트, 볼트 EV",,20230421162533
212,chv,CHEVROLET,chvvt,벤처,VENTURE,,,20230421162533
213,chv,CHEVROLET,chvbt,비트,BEAT,,,20230421162533
214,chv,CHEVROLET,chvdmz,드마즈,DMAZ,,,20230421162533
215,chv,CHEVROLET,chvenj,인조이,ENJOY,,,20230421162533
216,chv,CHEVROLET,chvepc,에피카,EPICA,,,20230421162533
217,chv,CHEVROLET,chvest,에센시아,ESSENTIA,,,20230421162533
218,chv,CHEVROLET,chvevd,이반데,EVANDA,,,20230421162533
219,chv,CHEVROLET,chvkls,칼로스,KALOS,,,20230421162533
220,chv,CHEVROLET,chvlct,라세티,LACETTI,,,20230421162533
221,chv,CHEVROLET,chvlv,로바,LOVA,,,20230421162533
222,chv,CHEVROLET,chvmtz,마티즈,MATIZ,,,20230421162533
223,chv,CHEVROLET,chvmv,무브,MOVE,,,20230421162533
224,chv,CHEVROLET,chvnbr,누비라,NUBIRA,,,20230421162533
225,chv,CHEVROLET,chvotr,옵트라,OPTRA,,,20230421162533
226,chv,CHEVROLET,chvprm,프리스마,PRISMA,,,20230421162533
227,chv,CHEVROLET,chvsal,세일,SAIL,,,20230421162533
228,chv,CHEVROLET,chvtbz,트레일블레이저,TRAILBRAZER,,,20230421162533
229,chv,CHEVROLET,chvtcm,타쿠마,TACUMA,,,20230421162533
230,chv,CHEVROLET,chvwk,워크,WORK,,,20230421162533
231,chr,CHRYSLER,chr11,크라이슬러 200,CHRYSLER 200,,,20230421162533
232,chr,CHRYSLER,chr22,크라이슬러 300,CHRYSLER 300,,,20230421162533
233,chr,CHRYSLER,chr33,퍼시피카,PACIFICA,,,20230421162533
234,chr,CHRYSLER,chr3m,300M,300M,,,20230421162533
235,chr,CHRYSLER,chras,아스펜,ASPEN,,,20230421162533
236,chr,CHRYSLER,chrcc,컨코드,CONCORDE,,,20230421162533
237,chr,CHRYSLER,chrcf,크로스파이어,CROSSFIRE,,,20230421162533
238,chr,CHRYSLER,chrcr,시러스,CIRRUS,,,20230421162533
239,chr,CHRYSLER,chrgv,그랜드보이저,GRAND VOYAGER,,,20230421162533
240,chr,CHRYSLER,chrim,임페리얼,IMPERIAL,,,20230421162533
241,chr,CHRYSLER,chrlb,레바론,LE BARON,,,20230421162533
242,chr,CHRYSLER,chrlh,LHS,LHS,,,20230421162533
243,chr,CHRYSLER,chrny,뉴요커,NEW YORKER,,,20230421162533
244,chr,CHRYSLER,chrpr,프라울러,PROWLER,,,20230421162533
245,chr,CHRYSLER,chrpt,PT크루저,PT CRUISER,,,20230421162533
246,chr,CHRYSLER,chrsb,세브링,SEBRING,,,20230421162533
247,chr,CHRYSLER,chrtc,TC,TC,,,20230421162533
248,chr,CHRYSLER,chrtw,타운 앤 컨트리,TOWN AND COUNTRY,,,20230421162533
249,chr,CHRYSLER,chrvg,보이저,VOYAGER,,,20230421162533
250,chr,CHRYSLER,chrblg,베를링고,BERLINGO,,,20230421162533
251,chr,CHRYSLER,chrne,네온,NEON,,,20230421162533
252,chr,CHRYSLER,chrstt,스트라투스,STRATUS,,,20230421162533
253,ctr,CITROEN,ctr11,C4 칵투스,C4 CACTUS,,,20230421162533
254,ctr,CITROEN,ctr22,C4 피카소,C4 PICASSO,,,20230421162533
255,ctr,CITROEN,ctr33,그랜드 C4 피카소,GRAND C4 PICASSO,,,20230421162533
256,ctr,CITROEN,ctrxp,Xsara 피카소,XSARA PICASSO,,,20230421162533
257,ctr,CITROEN,ctrc1,C1,C1,,,20230421162533
258,ctr,CITROEN,ctrc2,C2,C2,,,20230421162533
259,ctr,CITROEN,ctrc3,C3,C3,,,20230421162533
260,ctr,CITROEN,ctrc4,C4,C4,,,20230421162533
261,ctr,CITROEN,ctrc5,C5,C5,,,20230421162533
262,ctr,CITROEN,ctrc6,C6,C6,,,20230421162533
263,ctr,CITROEN,ctrc8,C8,C8,,,20230421162533
264,ctr,CITROEN,ctrcrs,C크로서,C CROSSER,,,20230421162533
265,ctr,CITROEN,ctrds3,DS3,DS3,,,20230421162533
266,ctr,CITROEN,ctrels,C엘리제,C ELYSEE,,,20230421162533
267,dwo,DAEWOO,dwogtr,젠트라,GENTRA,,,20230421162533
268,dwo,DAEWOO,dwokls,칼로스,KALOS,,,20230421162533
269,dwo,DAEWOO,dwolct,라세티,LACETTI,,,20230421162533
270,dwo,DAEWOO,dwolgz,레간자,LEGANZA,,,20230421162533
271,dwo,DAEWOO,dwolns,라노스,LANOS,,,20230421162533
272,dwo,DAEWOO,dwomgn,매그너스,MAGNUS,,,20230421162533
273,dwo,DAEWOO,dwomtz,마티즈,MATIZ,,,20230421162533
274,dwo,DAEWOO,dwonbr,누비라,NUBIRA,,,20230421162533
275,dwo,DAEWOO,dwostm,스테이츠맨,STATESMAN,,,20230421162533
276,dwo,DAEWOO,dwotcm,타쿠마,ACUMA,,,20230421162533
277,dwo,DAEWOO,dworz,레조,REZZO,,,20230421162533
278,dwo,DAEWOO,dwotsc,토스카,TOSCA,,,20230421162533
279,dwo,DAEWOO,dwovrt,베리타스,VERITAS,,,20230421162533
280,dwo,DAEWOO,dwowst,윈스톰,WINDSTORM,,,20230421162533
281,dht,DAIHATSU,dhtala,아일라,AYLA,,,20230421162533
282,dht,DAIHATSU,dhtats,알티스,ALTIS,,,20230421162533
283,dht,DAIHATSU,dhtb,분,BOON,,,20230421162533
284,dht,DAIHATSU,dhtcp,코펜,COPEN,,,20230421162533
285,dht,DAIHATSU,dhtes,에쎄,ESSE,,,20230421162533
286,dht,DAIHATSU,dhtmr,미라,MIRA,,,20230421162533
287,dht,DAIHATSU,dhtmtr,마테리아,MATERIA,,,20230421162533
288,dht,DAIHATSU,dhtmv,무브,MOVE,,,20230421162533
289,dht,DAIHATSU,dhtsgr,시그라,SIGRA,,,20230421162533
290,dht,DAIHATSU,dhtsnc,소니카,SONICA,,,20230421162533
291,dht,DAIHATSU,dhtsro,시리온,SIRION,,,20230421162533
292,dht,DAIHATSU,Dhttrs,테리오스,TERIOS,,,20230421162533
293,dht,DAIHATSU,Dhttto,탄토,TANTO,,,20230421162533
294,dht,DAIHATSU,dhtwk,웨이크,WAKE,,,20230421162533
295,dht,DAIHATSU,dhtxn,제니아,XENIA,,,20230421162533
296,dht,DAIHATSU,dhtyrv,YRV,YRV,,,20230421162533
297,dts,DATSUN,dtsgo,고,GO,,,20230421162533
298,dts,DATSUN,dtsmd,미-두,MI-DO,,,20230421162533
299,dts,DATSUN,dtsod,온-두,ON-DO,,,20230421162533
300,dts,DATSUN,dtsrg,레디-고,REDI-GO,,,20230421162533
301,ddg,DODGE,ddg11,차저,CHARGER,,,20230421162533
302,ddg,DODGE,ddg22,챌린저,CHALLENGER,,,20230421162533
303,ddg,DODGE,ddg33,저니,JOURNEY,,,20230421162533
304,ddg,DODGE,ddg44,듀랑고,DURANGO,,,20230421162533
305,ddg,DODGE,ddg55,그랜드 카라반,GRAND CARAVAN,,,20230421162533
306,ddg,DODGE,ddg66,데몬,DEMON,,,20230421162533
307,ddg,DODGE,ddg77,램,RAM,,,20230421162533
308,ddg,DODGE,ddgav,어벤져,AVENGER,,,20230421162533
309,ddg,DODGE,ddgcl,캘리버,CALIBER,,,20230421162533
310,ddg,DODGE,ddgco,콜트,COLT,,,20230421162533
311,ddg,DODGE,ddgcr,카라반,CARAVAN,,,20230421162533
312,ddg,DODGE,ddgdk,다코타,DAKOTA,,,20230421162533
313,ddg,DODGE,ddgdn,다이너스티,DYNASTY,,,20230421162533
314,ddg,DODGE,ddgdr,다트,DART,,,20230421162533
315,ddg,DODGE,ddgdt,데이토나,DAYTONA,,,20230421162533
316,ddg,DODGE,ddgit,인트리피드,INTREPID,,,20230421162533
317,ddg,DODGE,ddgmg,매그넘,MAGNUM,,,20230421162533
318,ddg,DODGE,ddgmn,모나코,MONACO,,,20230421162533
319,ddg,DODGE,ddgne,네온,NEON,,,20230421162533
320,ddg,DODGE,ddgnt,니트로,NITRO,,,20230421162533
321,ddg,DODGE,ddgom,옴니,OMNI,,,20230421162533
322,ddg,DODGE,ddgrc,램차저,RAMCHARGER,,,20230421162533
323,ddg,DODGE,ddgsd,쉐도우,SHADOW,,,20230421162533
324,ddg,DODGE,ddgsp,스피릿,SPIRIT,,,20230421162533
325,ddg,DODGE,ddgsr,스프린터,SPRINTER,,,20230421162533
326,ddg,DODGE,ddgst,스텔스,STEALTH,,,20230421162533
327,ddg,DODGE,ddgsu,스트라투스,STRATUS,,,20230421162533
328,ddg,DODGE,ddgvp,바이퍼,VIPER,,,20230421162533
329,ddg,DODGE,ddgvs,바이퍼 SRT,SRT VIPER,,,20230421162533
330,ddg,DODGE,ddgpm,프로마스터,PROMASTER,,,20230421162533
331,dsa,DS,dsa3,DS3,DS3,,,20230421162533
332,dsa,DS,dsa4,DS4,DS4,,,20230421162533
333,dsa,DS,dsa5,DS5,DS5,,,20230421162533
334,faw,FAW,faw00,J6L,J6L,,,20230421162533
335,faw,FAW,faw11,훙치,HONGQI,,,20230421162533
336,faw,FAW,faw12,J5P,J5P,,,20230421162533
337,faw,FAW,faw13,J5M,J5M,,,20230421162533
338,faw,FAW,faw14,J5K,J5K,,,20230421162533
339,faw,FAW,faw22,번텅,BESTURN,,,20230421162533
340,faw,FAW,faw33,어우랑,OLEY,,,20230421162533
341,faw,FAW,faw44,시아리,XIALI,,,20230421162533
342,faw,FAW,faw55,비타,VITA,,,20230421162533
343,faw,FAW,faw66,준파이,JUNPAI,,,20230421162533
344,faw,FAW,faw77,시리어스,SIRIUS,,,20230421162533
345,faw,FAW,faw88,J6P,J6P,,,20230421162533
346,faw,FAW,faw99,J6M,J6M,,,20230421162533
347,frr,FERRARI,ffr36,360,360,,,20230421162533
348,frr,FERRARI,ffr43,430 스쿠데리아,430 SCUDERIA,,,20230421162533
349,frr,FERRARI,ffr45,456M,456M,,,20230421162533
350,frr,FERRARI,ffr55,550,550,,,20230421162533
351,frr,FERRARI,ffr57,575M,575M,,,20230421162533
352,frr,FERRARI,ffr58,458 이탈리아,458 ITALIA,,,20230421162533
353,frr,FERRARI,ffr59,599,599,,,20230421162533
354,frr,FERRARI,ffr61,612 스카글리에티,612 SCAGLIETTI,,,20230421162533
355,frr,FERRARI,ffrcf,캘리포니아,CALIFORNIA,,,20230421162533
356,frr,FERRARI,ffrez,엔초,ENZO,,,20230421162533
357,frr,FERRARI,ffrf1,F12 베를리네타,F12 BERLINETTA,,,20230421162533
358,frr,FERRARI,ffrf4,F430,F430,,,20230421162533
359,frr,FERRARI,ffrff,FF,FF,,,20230421162533
360,frr,FERRARI,ffrsa,슈퍼아메리카,SUPERAMERICA,,,20230421162533
361,frr,FERRARI,frr48,488 GTB,488 GTB,,,20230421162533
362,frr,FERRARI,frr81,812 슈퍼패스트,812 SUPERFAST,,,20230421162533
363,frr,FERRARI,frrls,GTC4 루쏘,GTC4 LUSSO,,,20230421162533
364,frr,FERRARI,frrpf,포르토피노,PORTOFINO,,,20230421162533
365,frr,FERRARI,frr458,458,458,,,20230421162533
366,frr,FERRARI,frr488,488,488,,,20230421162533
367,frr,FERRARI,frr575,575,575,,,20230421162533
368,frr,FERRARI,frr612,612,612,,,20230421162533
369,frr,FERRARI,frr812,812,812,,,20230421162533
370,frr,FERRARI,frrf12,F12,F12,,,20230421162533
371,frr,FERRARI,frrfx,FXX,FXX,,,20230421162533
372,frr,FERRARI,frrgtc4,GTC4,GTC4,,,20230421162533
373,frr,FERRARI,frrlfr,라페라리,LAFERRARI,,,20230421162533
374,fat,FIAT,fat12,124 스파이더,124 SPIDER,,,20230421162533
375,fat,FIAT,fat5e,500E,500E,,,20230421162533
376,fat,FIAT,fat5l,500L,500L,,,20230421162533
377,fat,FIAT,fat5o,500,500,,,20230421162533
378,fat,FIAT,fat5x,500X,500X,,,20230421162533
379,fat,FIAT,fatbv,브라보,BRAVO,,,20230421162533
380,fat,FIAT,fat124,124,124,,,20230421162533
381,fat,FIAT,fataba,알베아,ALBEA,,,20230421162533
382,fat,FIAT,fatarg,아르고,ARGO,,,20230421162533
383,fat,FIAT,fatavt,아벤투라,AVVENTURA,,,20230421162533
384,fat,FIAT,fatbct,바르케타,BARCHETTA,,,20230421162533
385,fat,FIAT,fatcrm,크로마,CROMA,,,20230421162533
386,fat,FIAT,fatcrn,크로노스,CRONOS,,,20230421162533
387,fat,FIAT,fatdbl,도블로,DOBLO,,,20230421162533
388,fat,FIAT,fatdct,두카토,DUCATO,,,20230421162533
389,fat,FIAT,fatfb,풀백,FULLBACK,,,20230421162533
390,fat,FIAT,fatfrm,프리몬트,FREEMONT,,,20230421162533
391,fat,FIAT,fatfrn,피오리노,FIORINO,,,20230421162533
392,fat,FIAT,fatida,이데아,IDEA,,,20230421162533
393,fat,FIAT,fatlna,리네아,LINEA,,,20230421162533
394,fat,FIAT,fatmb,모비,MOBI,,,20230421162533
395,fat,FIAT,fatmra,마레아,MAREA,,,20230421162533
396,fat,FIAT,fatmtp,멀티플라,MULTIPLA,,,20230421162533
397,fat,FIAT,fatnv,노보,NOVO,,,20230421162533
398,fat,FIAT,fatpd,판다,PANDA,,,20230421162533
399,fat,FIAT,fatpro,팔리오,PALIO,,,20230421162533
400,fat,FIAT,fatpt,푼토,PUNTO,,,20230421162533
401,fat,FIAT,fatptr,페트라,PETRA,,,20230421162533
402,fat,FIAT,fatscd,스쿠도,SCUDO,,,20230421162533
403,fat,FIAT,fatsct,세이센토,SEICENTO,,,20230421162533
404,fat,FIAT,fatsdc,세디치,SEDICI,,,20230421162533
405,fat,FIAT,fatsna,시에나,SIENA,,,20230421162533
406,fat,FIAT,fatsto,스틸로,STILO,,,20230421162533
407,fat,FIAT,fatstr,스트라다,STRADA,,,20230421162533
408,fat,FIAT,fattlt,탈렌토,TALENTO,,,20230421162533
409,fat,FIAT,fattp,티포,TIPO,,,20230421162533
410,fat,FIAT,fattr,토로,TORO,,,20230421162533
411,fat,FIAT,fatuys,율리세,ULYSSE,,,20230421162533
412,frd,FORD,frd00,엣지,EDGE,,,20230421162533
413,frd,FORD,frd11,피에스타,FIESTA,,"FIESTA, FIESTA ST",20230421162533
414,frd,FORD,frd12,플렉스,FLEX,,,20230421162533
415,frd,FORD,frd13,익스플로러,EXPLORER,,,20230421162533
416,frd,FORD,frd14,익스페디션,EXPEDITION,,,20230421162533
417,frd,FORD,frd15,F-150,F-150,,"F-150, F-150 RAPTOR",20230421162533
418,frd,FORD,frd16,슈퍼듀티,SUPER DUTY,,"SUPER DUTY, SUPER DUTY PICKUP",20230421162533
419,frd,FORD,frd22,포커스,FOCUS,,"FOCUS, FOCUS ST,  FOCUS RS, FOCUS ELECTRIC",20230421162533
420,frd,FORD,frd25,F-250,F-250,,,20230421162533
421,frd,FORD,frd33,퓨전,FUSION,,"FUSION, FUSION HYBRID, FUSION ENERGI",20230421162533
422,frd,FORD,frd35,F-350,F-350,,,20230421162533
423,frd,FORD,frd44,C-MAX,C-MAX,,"C-MAX, C-MAX HYBRID",20230421162533
424,frd,FORD,frd45,F-450,F-450,,,20230421162533
425,frd,FORD,frd55,머스탱,MUSTANG,,"MUSTANG, MUSTANG SHELBY GT350",20230421162533
426,frd,FORD,frd66,토러스,TAURUS,,,20230421162533
427,frd,FORD,frd77,에코스포츠,ECOSPORT,,,20230421162533
428,frd,FORD,frd88,이스케이프,ESCAPE,,,20230421162533
429,frd,FORD,frd99,트랜짓,TRANSIT,,"TRANSIT, TRANSIT CONNECT, TRANSIT CC-CA",20230421162533
430,frd,FORD,frdas,에어로스타,AEROSTAR,,,20230421162533
431,frd,FORD,frdb1,브롱코,BRONCO,,,20230421162533
432,frd,FORD,frdb2,브롱코 II,BRONCO II,,,20230421162533
433,frd,FORD,frdct,컨투어,CONTOUR,,,20230421162533
434,frd,FORD,frdcv,크라운 빅토리아,CROWN VICTORIA,,,20230421162533
435,frd,FORD,frdec,익스크루션,EXCURSION,,,20230421162533
436,frd,FORD,frdee,E시리즈,E SERIES,,,20230421162533
437,frd,FORD,frdel,이코노라인,ECONOLINE,,,20230421162533
438,frd,FORD,frdes,에스코트,ESCORT,,,20230421162533
439,frd,FORD,frdfh,파이브 헌드레드,FIVE HUNDRED,,,20230421162533
440,frd,FORD,frdfr,프리스타,FREESTAR,,,20230421162533
441,frd,FORD,frdfs,페스티바,FESTIVA,,,20230421162533
442,frd,FORD,frdfy,프리스타일,FREESTYLE,,,20230421162533
443,frd,FORD,frdg3,쉘비 GT350,SHELBY GT350,,,20230421162533
444,frd,FORD,frdg5,쉘비 GT500,SHELBY GT500,,,20230421162533
445,frd,FORD,frdgt,GT,GT,,,20230421162533
446,frd,FORD,frdkg,쿠가,KUGA,,,20230421162533
447,frd,FORD,frdlt,LTD 크라운 빅토리아,LTD CROWN VICTORIA,,,20230421162533
448,frd,FORD,frdmd,몬데오,MONDEO,,,20230421162533
449,frd,FORD,frdpr,프로브,PROBE,,,20230421162533
450,frd,FORD,frdrg,레인저,RANGER,,,20230421162533
451,frd,FORD,frdsp,아스파이어,ASPIRE,,,20230421162533
452,frd,FORD,frdst,익스플로러 스포츠 트랙,EXPLORER SPORT TRAC,,,20230421162533
453,frd,FORD,frdtb,썬더버드,THUNDERBIRD,,,20230421162533
454,frd,FORD,frdtc,트랜짓 컨넥트,TRANSIT CONNECT,,,20230421162533
455,frd,FORD,frdtm,템포,TEMPO,,,20230421162533
456,frd,FORD,frdws,윈드스타,WINDSTAR,,,20230421162533
457,frd,FORD,frdbmx,BMAX,BMAX,,,20230421162533
458,frd,FORD,frdcls,클래식,CLASSIC,,,20230421162533
459,frd,FORD,frdedv,엔데버,ENDEAVOUR,,,20230421162533
460,frd,FORD,frdevr,에베레스트,EVEREST,,,20230421162533
461,frd,FORD,frdfc,팔콘,FALCON,,,20230421162533
462,frd,FORD,frdfo,피고,FIGO,,,20230421162533
463,frd,FORD,Frdfs,퓨전,FUSION,,,20230421162533
464,frd,FORD,frdg6,G6,G6,,,20230421162533
465,frd,FORD,frdgly,갤럭시,GALAXY,,,20230421162533
466,frd,FORD,frdikn,아이콘,IKON,,,20230421162533
467,frd,FORD,frdka,카,KA,,,20230421162533
468,frd,FORD,frdltd,LTD,LTD,,,20230421162533
469,frd,FORD,frdmvr,매버릭,MAVERICK,,,20230421162533
470,frd,FORD,frdsmx,SMAX,SMAX,,,20230421162533
471,frd,FORD,frdtno,투어네오,TOURNEO,,,20230421162533
472,frd,FORD,frdtrt,테리토리,TERRITORY,,,20230421162533
473,ftl,FREIGHTLINER,ftl11,카스카디아,CASCADIA,,"CASCADIA, NEW CASCADIA, CASCADIA EVOLUTION, CASCADIA NATURAL GAS",20230421162533
474,ftl,FREIGHTLINER,ftl22,M2 112,M2 112,,"M2 112, M2 112 NATURAL GAS",20230421162533
475,ftl,FREIGHTLINER,ftl33,M2 106,M2 106,,,20230421162533
476,ftl,FREIGHTLINER,ftl44,108SD,108SD,,,20230421162533
477,ftl,FREIGHTLINER,ftl55,114SD,114SD,,"114SD, 114SD NATURAL GAS",20230421162533
478,ftl,FREIGHTLINER,ftl66,122SD,122SD,,,20230421162533
479,gns,Genesis,gnsg7,G70,G70,,,20230421162533
480,gns,Genesis,gnsg8,G80,G80,,,20230421162533
481,gns,Genesis,gnsg9,G90,G90,,,20230421162533
482,gmt,GMT,gmt11,캐니언,CANYON,,,20230421162533
483,gmt,GMT,gmt22,씨에라,SIERRA,,,20230421162533
484,gmt,GMT,gmt33,터레인,TERRAIN,,,20230421162533
485,gmt,GMT,gmt44,아카디아,ACADIA,,,20230421162533
486,gmt,GMT,gmt55,유칸,YUKON,,,20230421162533
487,gmt,GMT,gmt66,사바나,SAVANA,,,20230421162533
488,gmt,GMT,gmtev,엔보이,ENVOY,,,20230421162533
489,gmt,GMT,gmtjm,지미,JIMMY,,,20230421162533
490,gmt,GMT,gmtrv,R/V 3500시리즈,R/V 3500 SERIES,,,20230421162533
491,gmt,GMT,gmtrw,랠리 왜건,RALLY WAGON,,,20230421162533
492,gmt,GMT,gmtsb,서버번,SUBURBAN,,,20230421162533
493,gmt,GMT,gmtsc,사이클론,SYCLONE,,,20230421162533
494,gmt,GMT,gmtsf,사파리,SAFARI,,,20230421162533
495,gmt,GMT,gmtsn,소노마,SONOMA,,,20230421162533
496,gmt,GMT,gmttp,타이푼,TYPHOON,,,20230421162533
497,gmt,GMT,gmtvd,밴듀라,VANDURA,,,20230421162533
498,hdn,HOLDEN,hdn11,아스트라,ASTRA,,,20230421162533
499,hdn,HOLDEN,hdn22,바리나,BARINA,,,20230421162533
500,hdn,HOLDEN,hdn33,캡티바,CAPTIVA,,,20230421162533
501,hdn,HOLDEN,hdn44,콜로라도,COLORADO,,,20230421162533
502,hdn,HOLDEN,hdn55,코모도어,COMMODORE,,,20230421162533
503,hdn,HOLDEN,hdn66,에퀴녹스,EQUINOX,,,20230421162533
504,hdn,HOLDEN,hdn77,스파크,SPARK,,,20230421162533
505,hdn,HOLDEN,hdn88,트래일블레이저,TRAILBLAZER,,,20230421162533
506,hdn,HOLDEN,hdn99,트랙스,TRAX,,,20230421162533
507,hod,Holden,hodacd,아카디아,ACADIA,,,20230421162533
508,hod,Holden,hodast,아스트라,ASTRA,,,20230421162533
509,hod,Holden,hodbrn,바리나,BARINA,,,20230421162533
510,hod,Holden,hodcld,콜로라도,COLORADO,,,20230421162533
511,hod,Holden,hodcmd,코모도어,COMMODORE,,,20230421162533
512,hod,Holden,hodcpr,카프리스,CAPRICE,,,20230421162533
513,hod,Holden,hodctv,캡티바,CAPTIVA,,,20230421162533
514,hod,Holden,hodeqn,에퀴녹스,EQUINOX,,,20230421162533
515,hod,Holden,hodspk,스파크,SPARK,,,20230421162533
516,hod,Holden,hodtbz,트레일블레이저,TRAILBLAZER,,,20230421162533
517,hod,Holden,hodtrx,트랙스,TRAX,,,20230421162533
518,hda,HONDA,hdacr,CR-Z,CR-Z,,,20230421162533
519,hda,HONDA,hdacs,크로스투어,CROSSTOUR,,,20230421162533
520,hda,HONDA,hdale,레전드,LEGEND,,,20230421162533
521,hda,HONDA,hon11,시빅,CIVIC,,,20230421162533
522,hda,HONDA,hon22,어코드,ACCORD,,,20230421162533
523,hda,HONDA,hon33,클래리티,CLARITY,,,20230421162533
524,hda,HONDA,hon44,피트,FIT,,,20230421162533
525,hda,HONDA,hon55,혼다 HR-V,HONDA HR-V,,,20230421162533
526,hda,HONDA,hon66,혼다 CR-V,HONDA CR-V,,,20230421162533
527,hda,HONDA,hon77,파일럿,PILOT,,,20230421162533
528,hda,HONDA,hon88,오딧세이,ODYSSEY,,,20230421162533
529,hda,HONDA,hon99,릿지라인,RIDGELINE,,,20230421162533
530,hda,HONDA,honel,엘러먼트,ELEMENT,,,20230421162533
531,hda,HONDA,honis,인사이트,INSIGHT,,,20230421162533
532,hda,HONDA,honpp,패스포트,PASSPORT,,,20230421162533
533,hda,HONDA,honpr,프렐류드,PRELUDE,,,20230421162533
534,hda,HONDA,hons2,S2000,S2000,,,20230421162533
535,hda,HONDA,hdaamz,어메이즈,AMAZE,,,20230421162533
536,hda,HONDA,hdaavc,아반시아,AVANCIER,,,20230421162533
537,hda,HONDA,hdabro,브리오,BRIO,,,20230421162533
538,hda,HONDA,hdabrv,BR-V,BR-V,,,20230421162533
539,hda,HONDA,hdacrd,크라이더,CRIDER,,,20230421162533
540,hda,HONDA,hdacrs,크로스로드,CROSSROAD,,,20230421162533
541,hda,HONDA,hdact,시티,CITY,,,20230421162533
542,hda,HONDA,hdaels,엘리시온,ELYSION,,,20230421162533
543,hda,HONDA,hdafrd,프리드,FREED,,,20230421162533
544,hda,HONDA,hdagna,지니아,GIENIA,,,20230421162533
545,hda,HONDA,hdagra,그레이스,GRACE,,,20230421162533
546,hda,HONDA,hdagrc,그리스,GRICE,,,20230421162533
547,hda,HONDA,hdahbo,호비오,HOBIO,,,20230421162533
548,hda,HONDA,hdaisp,인스파이어,INSPIRE,,,20230421162533
549,hda,HONDA,hdaitg,인테그라,INTEGRA,,,20230421162533
550,hda,HONDA,hdajad,제이드,JADE,,,20230421162533
551,hda,HONDA,hdajaz,재즈,JAZZ,,,20230421162533
552,hda,HONDA,hdalf,라이프,LIFE,,,20230421162533
553,hda,HONDA,hdambo,모빌리오,MOBILIO,,,20230421162533
554,hda,HONDA,hdan,N,N,,,20230421162533
555,hda,HONDA,hdas66,S660,S660,,,20230421162533
556,hda,HONDA,hdastm,스트림,STREAM,,,20230421162533
557,hda,HONDA,hdastw,스텝웨건,STEPWGN,,,20230421162533
558,hda,HONDA,hdavez,베젤,VEZEL,,,20230421162533
559,hda,HONDA,hdawrv,WRV,WRV,,,20230421162533
560,hda,HONDA,hdaxrv,XRV,XRV,,,20230421162533
561,hum,HUMMER,humh3,H3,H3,,,20230421162533
562,hum,HUMMER,humhx,HX,HX,,,20230421162533
563,hyd,HYUNDAI,hyd00,코나,KONA,,,20230421162533
564,hyd,HYUNDAI,hyd01,베라크루즈,VERACRUZ,,,20230421162533
565,hyd,HYUNDAI,hyd11,그랜저,GRANDEUR,,,20230421162533
566,hyd,HYUNDAI,hyd12,쏠라티,SOLATI,,,20230421162533
567,hyd,HYUNDAI,hyd13,제네시스,GENESIS,,,20230421162533
568,hyd,HYUNDAI,hyd14,에쿠스,EQUUS,,,20230421162533
569,hyd,HYUNDAI,hyd15,스타렉스,STARREX,,,20230421162533
570,hyd,HYUNDAI,hyd22,소나타,SONATA,,,20230421162533
571,hyd,HYUNDAI,hyd30,i30,i30,,,20230421162533
572,hyd,HYUNDAI,hyd33,아반떼,AVANTE,,,20230421162533
573,hyd,HYUNDAI,hyd40,i40,i40,,,20230421162533
574,hyd,HYUNDAI,hyd44,아이오닉,IONIQ,,,20230421162533
575,hyd,HYUNDAI,hyd55,엑센트,ACCENT,,,20230421162533
576,hyd,HYUNDAI,hyd66,벨로스터,VELOSTER,,,20230421162533
577,hyd,HYUNDAI,hyd77,맥스크루즈,MAXCRUZ,,,20230421162533
578,hyd,HYUNDAI,hyd88,싼타페 스포츠,SANTEFE SPORTS,,,20230421162533
579,hyd,HYUNDAI,hyd99,투싼,TUCSON,,,20230421162533
580,hyd,HYUNDAI,hydas,아슬란,ASLAN,,,20230421162533
581,hyd,HYUNDAI,hydazr,아제라,AZERA,,,20230421162533
582,hyd,HYUNDAI,hydcl,클릭,CLICK,,,20230421162533
583,hyd,HYUNDAI,hydctn,센티니얼,CENTENNIAL,,,20230421162533
584,hyd,HYUNDAI,hyder,앙투라지,ENTOURAGE,,,20230421162533
585,hyd,HYUNDAI,hydetrgt,엘란트라 GT,ELANTRA GT,,,20230421162533
586,hyd,HYUNDAI,hydex,엑셀,EXCEL,,,20230421162533
587,hyd,HYUNDAI,hydgc,제네시스 쿠페,GENESIS COUPE,,,20230421162533
588,hyd,HYUNDAI,hydh350,H350,H350,,,20230421162533
589,hyd,HYUNDAI,hydps,팰리세이드,PALISADE,,,20230421162533
590,hyd,HYUNDAI,hydsc,스쿠프,SCOUPE,,,20230421162533
591,hyd,HYUNDAI,hydsl,살룬,SALOON,,,20230421162533
592,hyd,HYUNDAI,hydstf,싼타페,SANTEFE,,,20230421162533
593,hyd,HYUNDAI,hydsx,산트로싱,SANTRO XING,,,20230421162533
594,hyd,HYUNDAI,hydtb,티뷰론,TIBURON,,,20230421162533
595,hyd,HYUNDAI,hydtc,투스카니,TUSCANI,,,20230421162533
596,hyd,HYUNDAI,hydtj,포터,PORTER,,,20230421162533
597,hyd,HYUNDAI,hydtk,테라칸,TERRACAN,,,20230421162533
598,hyd,HYUNDAI,hydtz,트라제,TRAJET,,,20230421162533
599,hyd,HYUNDAI,hydvn,베르나,VERNA,,,20230421162533
600,hyd,HYUNDAI,hydxg,XG,XG,,,20230421162533
601,hyd,HYUNDAI,hydats,아토스,ATOS,,,20230421162533
602,hyd,HYUNDAI,hydcrt,크레타,CRETA,,,20230421162533
603,hyd,HYUNDAI,hyddnt,다이나스티,DINASTY,,,20230421162533
604,hyd,HYUNDAI,hyden,이온,EON,,,20230421162533
605,hyd,HYUNDAI,hydetr,엘란트라,ELANTRA,,,20230421162533
606,hyd,HYUNDAI,hydglp,갤로퍼,GALLOPER,,,20230421162533
607,hyd,HYUNDAI,hydh1,H1,H1,,,20230421162533
608,hyd,HYUNDAI,hydi10,i10,i10,,,20230421162533
609,hyd,HYUNDAI,hydi20,i20,i20,,,20230421162533
610,hyd,HYUNDAI,hydix20,ix20,iX20,,,20230421162533
611,hyd,HYUNDAI,hydmtr,미스트라,MISTRA,,,20230421162533
612,hyd,HYUNDAI,hydmtx,매트릭스,MATRIX,,,20230421162533
613,hyd,HYUNDAI,hydnex,넥쏘,NEXO,,,20230421162533
614,hyd,HYUNDAI,hydstr,산트로,SANTRO,,,20230421162533
615,hyd,HYUNDAI,hydvnu,베뉴,VENUE,,,20230421162533
616,inf,INFINITI,infi01,Q30,Q30,,,20230421162533
617,inf,INFINITI,infi02,Q50,Q50,,,20230421162533
618,inf,INFINITI,infi03,Q60,Q60,,,20230421162533
619,inf,INFINITI,infi04,Q70,Q70,,,20230421162533
620,inf,INFINITI,infi05,QX30,QX30,,,20230421162533
621,inf,INFINITI,infi06,QX50,QX50,,,20230421162533
622,inf,INFINITI,infi07,QX60,QX60,,,20230421162533
623,inf,INFINITI,infi08,QX80,QX80,,,20230421162533
624,inf,INFINITI,infi09,Q70L,Q70L,,,20230421162533
625,inf,INFINITI,infi10,Q50S,Q50S,,,20230421162533
626,inf,INFINITI,infi11,Q30S,Q30S,,,20230421162533
627,inf,INFINITI,infi12,QX70,QX70,,,20230421162533
628,inf,INFINITI,infi13,G25,G25,,,20230421162533
629,inf,INFINITI,infi14,Q40,Q40,,,20230421162533
630,inf,INFINITI,infi15,ESQ,ESQ,,,20230421162533
631,inf,INFINITI,infi16,Q70S,Q70S,,,20230421162533
632,inf,INFINITI,infi17,M,M,,,20230421162533
633,inf,INFINITI,infi18,G37,G37,,,20230421162533
634,inf,INFINITI,infi19,JX,JX,,,20230421162533
635,inf,INFINITI,infi20,LE,LE,,,20230421162533
636,inf,INFINITI,infi21,FX,FX,,,20230421162533
637,inf,INFINITI,infi22,EX,EX,,,20230421162533
638,inf,INFINITI,infi23,Q,Q,,,20230421162533
639,inf,INFINITI,infi24,G35,G35,,,20230421162533
640,inf,INFINITI,infi25,FX35,FX35,,,20230421162533
641,inf,INFINITI,infi26,FX50,FX50,,,20230421162533
642,inf,INFINITI,infi27,FX50S,FX50S,,,20230421162533
643,inf,INFINITI,infi28,FX30,FX30,,,20230421162533
644,inf,INFINITI,infi29,FX30D,FX30D,,,20230421162533
645,inf,INFINITI,infi30,FX45,FX45,,,20230421162533
646,inf,INFINITI,infi31,I,I,,,20230421162533
647,inf,INFINITI,infi32,Q45,Q45,,,20230421162533
648,inf,INFINITI,infi33,QX4,QX4,,,20230421162533
649,inf,INFINITI,infi34,QX56,QX56,,,20230421162533
650,inf,INFINITI,infi37,FX37,FX37,,,20230421162533
651,inf,INFINITI,Inffxx,FXX,FXX,,,20230421162533
652,inf,INFINITI,Infg,G,G,,,20230421162533
653,inf,INFINITI,Infqx,QX,QX,,,20230421162533
654,isz,ISUZU,iszce,C&E 시리즈,C&E SERIES,,,20230421162533
655,isz,ISUZU,iszdm,D-MAX,D-MAX,,,20230421162533
656,isz,ISUZU,iszfs,F 시리즈,F SERIES,,,20230421162533
657,isz,ISUZU,iszmu,MU-X,MU-X,,,20230421162533
658,isz,ISUZU,iszns,N 시리즈,N SERIES,,,20230421162533
659,isz,ISUZU,iszph,팬더,PANTHER,,,20230421162533
660,isz,ISUZU,iszasd,어센더,ASCENDER,,,20230421162533
661,isz,ISUZU,iszaxm,엑시엄,AXOIM,,,20230421162533
662,isz,ISUZU,iszhbr,옴브레,HOMBRE,,,20230421162533
663,isz,ISUZU,iszis,i 시리즈,i SERIES,,,20230421162533
664,isz,ISUZU,iszmu0,MU,MU,,,20230421162533
665,jgr,JAGUAR,jag11,XE,XE,,,20230421162533
666,jgr,JAGUAR,jag22,XF,XF,,,20230421162533
667,jgr,JAGUAR,jag33,XJ,XJ,,,20230421162533
668,jgr,JAGUAR,jag44,F-PACE,F-PACE,,,20230421162533
669,jgr,JAGUAR,jag55,E-PACE,E-PACE,,,20230421162533
670,jgr,JAGUAR,jag66,I-PACE,I-PACE,,,20230421162533
671,jgr,JAGUAR,jagft,F-TYPE,F-TYPE,,,20230421162533
672,jgr,JAGUAR,jagst,S-TYPE,S-TYPE,,,20230421162533
673,jgr,JAGUAR,jagxj,XJR,XJR,,,20230421162533
674,jgr,JAGUAR,jagxk,XK,XK,,,20230421162533
675,jgr,JAGUAR,jagxr,XKR,XKR,,,20230421162533
676,jgr,JAGUAR,jagxt,X-TYPE,X-TYPE,,,20230421162533
677,jep,JEEP,jep11,랭글러,WRANGLER,,,20230421162533
678,jep,JEEP,jep22,체로키,CHEROKEE,,,20230421162533
679,jep,JEEP,jep33,컴패스,COMPASS,,,20230421162533
680,jep,JEEP,jep44,레니게이드,RENEGADE,,,20230421162533
681,jep,JEEP,jepcm,커맨더,COMMANDER,,,20230421162533
682,jep,JEEP,jepco,코만치,COMANCHE,,,20230421162533
683,jep,JEEP,jepcw,그랜드 왜고니어,GRAND WAGONEER,,,20230421162533
684,jep,JEEP,jepgc,그랜드 체로키,GRAND CHEROKEE,,,20230421162533
685,jep,JEEP,jeplb,리버티,LIBERTY,,,20230421162533
686,jep,JEEP,jeppt,패트리어트,PATRIOT,,,20230421162533
687,jep,JEEP,jepwg,왜고니어,WAGONEER,,,20230421162533
688,kth,KENWORTH,kth00,T680,T680,,,20230421162533
689,kth,KENWORTH,kth11,T880,T880,,,20230421162533
690,kth,KENWORTH,kth22,K370,K370,,,20230421162533
691,kth,KENWORTH,kth33,K270,K270,,,20230421162533
692,kth,KENWORTH,kth37,T370,T370,,,20230421162533
693,kth,KENWORTH,kth44,T440,T440,,,20230421162533
694,kth,KENWORTH,kth47,T470,T470,,,20230421162533
695,kth,KENWORTH,kth55,T270,T270,,,20230421162533
696,kth,KENWORTH,kth66,T170,T170,,,20230421162533
697,kth,KENWORTH,kth77,W900,W900,,,20230421162533
698,kth,KENWORTH,kth88,T800,T800,,,20230421162533
699,kth,KENWORTH,kth99,C500,C500,,,20230421162533
700,kia,KIA,kia00,레이,RAY,,,20230421162533
701,kia,KIA,kia11,로체,LOTZE,,,20230421162533
702,kia,KIA,kia22,카니발,CARNIVAL,,,20230421162533
703,kia,KIA,kia33,모닝,MORNING,,,20230421162533
704,kia,KIA,kia44,프라이드,PRIDE,,,20230421162533
705,kia,KIA,kia55,스팅어,STINGER,,,20230421162533
706,kia,KIA,kia66,쏘렌토,SORENTO,,,20230421162533
707,kia,KIA,kia77,니로,NIRO,,,20230421162533
708,kia,KIA,kia88,스포티지,SPORTAGE,,,20230421162533
709,kia,KIA,kia99,쏘울,SOUL,,,20230421162533
710,kia,KIA,kiaam,아만티,AMANTI,,,20230421162533
711,kia,KIA,kiabg,봉고,BONGO,,,20230421162533
712,kia,KIA,kiabrg,보레고,BORREGO,,,20230421162533
713,kia,KIA,kiacdn,세도나,CEDONA,,,20230421162533
714,kia,KIA,kiacr,카렌스,CARENS,,,20230421162533
715,kia,KIA,kiak3,K3,K3,,,20230421162533
716,kia,KIA,kiak5,K5,K5,,,20230421162533
717,kia,KIA,kiak7,K7,K7,,,20230421162533
718,kia,KIA,kiak9,K9,K9,,,20230421162533
719,kia,KIA,kiak900,K900,K900,,,20230421162533
720,kia,KIA,kiakcdz,카덴자,CADENZA,,,20230421162533
721,kia,KIA,kiakfrt,포르테,FORTE,,,20230421162533
722,kia,KIA,kiamh,모하비,MOHAVE,,,20230421162533
723,kia,KIA,kiaopp,오피러스 프리미엄,OPIRUS PREMIUM,,,20230421162533
724,kia,KIA,kiaopt,옵티마,OPTIMA,,,20230421162533
725,kia,KIA,kiapct,피칸토,PICANTO,,,20230421162533
726,kia,KIA,kiard,론도,RONDO,,,20230421162533
727,kia,KIA,kiario,리오,RIO,,,20230421162533
728,kia,KIA,kiasd,세도나,SEDONA,,,20230421162533
729,kia,KIA,kiase,쏘울 EV,SOUL EV,,,20230421162533
730,kia,KIA,kiash,세피아,SEPHIA,,,20230421162533
731,kia,KIA,kiasp,스펙트라,SPECTRA,,,20230421162533
732,kia,KIA,kiast,스토닉,STONIC,,,20230421162533
733,kia,KIA,kiatt,쎄라토,CERATO,,,20230421162533
734,kia,KIA,kiacd,씨드,CEED,,,20230421162533
735,kia,KIA,kiacst,카스타,CARSTAR,,,20230421162533
736,kia,KIA,kiajic,조이스,JOICE,,,20230421162533
737,kia,KIA,kiamgt,마젠티스,MAGENTIS,,,20230421162533
738,kia,KIA,kiaopr,오피러스,OPIRUS,,,20230421162533
739,kia,KIA,kiaqor,쿠오리스,QUORIS,,,20230421162533
740,kia,KIA,kiartn,레토나,RETONA,,,20230421162533
741,kia,KIA,kiatlr,텔루라이드,TELLURIDE,,,20230421162533
742,kia,KIA,kiavg,벤가,VENGA,,,20230421162533
743,ktm,KTM,ktmxb,X-Bow,X-Bow,,,20230421162533
744,lad,LADA,lad4x,4x4,4x4,,,20230421162533
745,lad,LADA,ladgr,그란타,GRANTA,,,20230421162533
746,lad,LADA,ladlr,라르고,LARGUS,,,20230421162533
747,lad,LADA,ladvs,베스타,VESTA,,,20230421162533
748,lad,LADA,ladxr,엑스레이,XRAY,,,20230421162533
749,lad,LADA,ladnv,니바 4x4,NIVA 4x4,,,20230421162533
750,lbg,LAMBORGHINI,avtdr,아벤타도르,AVENTADOR,,,20230421162533
751,lbg,LAMBORGHINI,lbg11,우루스,URUS,,,20230421162533
752,lbg,LAMBORGHINI,lbg22,우라칸,HURACAN,,,20230421162533
753,lbg,LAMBORGHINI,lbgal,가야르도,GALLARDO,,,20230421162533
754,lbg,LAMBORGHINI,lbgdb,디아블로,DIABLO,,,20230421162533
755,lbg,LAMBORGHINI,lbgmc,무르시엘라고,MURCIELAGO,,,20230421162533
756,lbg,LAMBORGHINI,lbgrv,레벤톤,REVENTON,,,20230421162533
757,lca,LANCIA,lcadt,델타,DELTA,,,20230421162533
758,lca,LANCIA,lcafrv,플라비아,FLAVIA,,,20230421162533
759,lca,LANCIA,lcalbr,리브라,LYBRA,,,20230421162533
760,lca,LANCIA,lcams,무사,MUSA,,,20230421162533
761,lca,LANCIA,lcapdr,페드라,PHAEDRA,,,20230421162533
762,lca,LANCIA,lcatm,테마,THEMA,,,20230421162533
763,lca,LANCIA,Lcatss,테시스,THESIS,,,20230421162533
764,lca,LANCIA,lcavyg,보이저,VOYAGER,,,20230421162533
765,lca,LANCIA,lcaysn,입실론,YPSILON,,,20230421162533
766,lca,LANCIA,lcazt,지타,ZETA,,,20230421162533
767,lrr,LANDROVER,LAN11,레인지로버,RANGE ROVER,,,20230421162533
768,lrr,LANDROVER,LAN22,레인지로버 스포츠,RANGE ROVER SPORT,,,20230421162533
769,lrr,LANDROVER,LAN33,벨라,VELAR,,,20230421162533
770,lrr,LANDROVER,LAN44,이보크,EVOQUE,,,20230421162533
771,lrr,LANDROVER,LAN55,디스커버리,DISCOVERY,,,20230421162533
772,lrr,LANDROVER,LAN66,디스커버리 스포츠,DISCOVERY SPORT,,,20230421162533
773,lrr,LANDROVER,LAN77,디펜더,DEFENDER,,,20230421162533
774,lrr,LANDROVER,LAN88,프리랜더,FREELANDER,,,20230421162533
775,lex,LEXUS,LEX00,LC,LC,,"LC, LC HYBRID",20230421162533
776,lex,LEXUS,LEX11,ES,ES,,"ES, ES HYBRID",20230421162533
777,lex,LEXUS,LEX22,GS,GS,,"GS, GS HYBRID, GS F",20230421162533
778,lex,LEXUS,LEX23,IS,IS,,,20230421162533
779,lex,LEXUS,LEX33,LS,LS,,"LS, LS HYBRID",20230421162533
780,lex,LEXUS,LEX55,NX,NX,,"NX, NX HYBRID",20230421162533
781,lex,LEXUS,LEX66,RX,RX,,"RX, RX HYBRID",20230421162533
782,lex,LEXUS,LEX77,GX,GX,,,20230421162533
783,lex,LEXUS,LEX88,LX,LX,,,20230421162533
784,lex,LEXUS,LEX99,RC,RC,,"RC, RC F",20230421162533
785,lex,LEXUS,lexct,CT,CT,,,20230421162533
786,lex,LEXUS,lexhs,HS,HS,,,20230421162533
787,lex,LEXUS,lexlf,LFA,LFA,,,20230421162533
788,lex,LEXUS,lexsc,SC,SC,,,20230421162533
789,Lex,LEXUS,Lexct200,CT200h,CT200h,,,20230421162533
790,lge,LIGIER,lgeixo,IXO,IXO,,,20230421162533
791,lge,LIGIER,lgejs,JS,JS,,,20230421162533
792,lge,LIGIER,lgexto,Xtoo,XTOO,,,20230421162533
793,lcn,LINCOLN,lcn11,컨티넨탈,CONTINENTAL,,,20230421162533
794,lcn,LINCOLN,lcn22,MKC,MKC,,,20230421162533
795,lcn,LINCOLN,lcn33,MKZ,MKZ,,,20230421162533
796,lcn,LINCOLN,lcn44,MKX,MKX,,,20230421162533
797,lcn,LINCOLN,lcn55,MKT,MKT,,,20230421162533
798,lcn,LINCOLN,lcn66,네비게이터,NAVIGATOR,,,20230421162533
799,lcn,LINCOLN,lcn77,에비에이터,AVIATOR,,,20230421162533
800,lcn,LINCOLN,lcn88,노틸러스,NAUTILUS,,,20230421162533
801,lcn,LINCOLN,lcnbw,블랙우드,BLACKWOOD,,,20230421162533
802,lcn,LINCOLN,lcnls,LS,LS,,,20230421162533
803,lcn,LINCOLN,lcnlt,마크 LT,MARK LT,,,20230421162533
804,lcn,LINCOLN,lcnmk,MKS,MKS,,,20230421162533
805,lcn,LINCOLN,lcntc,타운카,TOWN CAR,,,20230421162533
806,lcn,LINCOLN,lcnzp,제퍼,ZEPHYR,,,20230421162533
807,lts,LOTUS,3elvn,3-일레븐,3-ELEVEN,,,20230421162533
808,lts,LOTUS,elise,엘리스,ELISE,,,20230421162533
809,lts,LOTUS,espri,에스프리,ESPRIT,,,20230421162533
810,lts,LOTUS,evora,에보라,EVORA,,,20230421162533
811,lts,LOTUS,exige,엑시지,EXIGE,,,20230421162533
812,lts,LOTUS,lts2elvn,2-일레븐,2 ELEVEN,,,20230421162533
813,lts,LOTUS,lts340r,340R,340R,,,20230421162533
814,lts,LOTUS,ltserp,유로파,EUROPA,,,20230421162533
815,mst,MASERATI,mst11,기블리,GHIBLI,,,20230421162533
816,mst,MASERATI,mst22,르반떼,LEVANTE,,,20230421162533
817,mst,MASERATI,mst33,콰트로포르테,QUATTROPORTE,,,20230421162533
818,mst,MASERATI,mst44,그란투리스모,GRAN TURISMO,,,20230421162533
819,mst,MASERATI,mst55,그란카브리오,GRAN CABRIO,,,20230421162533
820,mst,MASERATI,mst66,쿠페,COUPE,,,20230421162533
821,mst,MASERATI,mst77,그란스포츠,GRANSPORT,,,20230421162533
822,mst,MASERATI,mst88,스파이더,SPYDER,,,20230421162533
823,mst,MASERATI,mstafr,알피에리,ALFIERI,,,20230421162533
824,mst,MASERATI,mstmc12,MC12,MC12,,,20230421162533
825,mzd,MAZDA,mzd22,마쓰다 2,MAZDA 2,,,20230421162533
826,mzd,MAZDA,mzd33,마쓰다 3,MAZDA 3,,"4-door, 5-door",20230421162533
827,mzd,MAZDA,mzd55,마쓰다 5,MAZDA 5,,,20230421162533
828,mzd,MAZDA,mzd66,마쓰다 6,MAZDA 6,,,20230421162533
829,mzd,MAZDA,mzdbb,B시리즈,B-SERIES,,,20230421162533
830,mzd,MAZDA,mzdc3,CX-3,CX-3,,,20230421162533
831,mzd,MAZDA,mzdc5,CX-5,CX-5,,,20230421162533
832,mzd,MAZDA,mzdc7,CX-7,CX-7,,,20230421162533
833,mzd,MAZDA,mzdc9,CX-9,CX-9,,,20230421162533
834,mzd,MAZDA,mzdm3,MX-3,MX-3,,,20230421162533
835,mzd,MAZDA,mzdm5,MX-5,MX-5,,"MX-5 MIATA, MX-5 MIATA RF",20230421162533
836,mzd,MAZDA,mzdm6,MX-6,MX-6,,,20230421162533
837,mzd,MAZDA,mzdml,밀레니아,MILLENIA,,,20230421162533
838,mzd,MAZDA,mzdmm,MX-5 미아타,MX-5 MIATA,,,20230421162533
839,mzd,MAZDA,mzdmp,MPV,MPV,,,20230421162533
840,mzd,MAZDA,mzdnv,나바조,NAVAJO,,,20230421162533
841,mzd,MAZDA,mzdpt,프로티지,PROTEG,,,20230421162533
842,mzd,MAZDA,mzdr7,RX-7,RX-7,,,20230421162533
843,mzd,MAZDA,mzdr8,RX-8,RX-8,,,20230421162533
844,mzd,MAZDA,mzdsp,마쓰다스피드,MAZDASPEED,,,20230421162533
845,mzd,MAZDA,mzdtb,트리뷰트,TRIBUTE,,,20230421162533
846,mzd,MAZDA,mzdalx,알렉사,ALEXA,,,20230421162533
847,mzd,MAZDA,mzdatz,아텐자,ATENZA,,,20230421162533
848,mzd,MAZDA,mzdazw,AZ 웨건,AZ WAGON,,,20230421162533
849,mzd,MAZDA,mzdbat,비안테,BIANTE,,,20230421162533
850,mzd,MAZDA,mzdbg,봉고,BONGO,,,20230421162533
851,mzd,MAZDA,mzdbts,BT 시리즈,BT SERIES,,,20230421162533
852,mzd,MAZDA,mzdcr,캐롤,CAROL,,,20230421162533
853,mzd,MAZDA,mzdcx30,CX-30,CX-30,,,20230421162533
854,mzd,MAZDA,mzdcx8,CX-8,CX-8,,,20230421162533
855,mzd,MAZDA,mzddmo,데미오,DEMIO,,,20230421162533
856,mzd,MAZDA,mzdflr,플레어,FLAIR,,,20230421162533
857,mzd,MAZDA,mzdmat,미아타,MIATA,,,20230421162533
858,mzd,MAZDA,mzdmx5,MX-5,MX-5,,,20230421162533
859,mzd,MAZDA,mzdpmy,프리머시,PREMACY,,,20230421162533
860,mzd,MAZDA,mzdrv,레뷰,REVUE,,,20230421162533
861,mzd,MAZDA,mzdscm,스크럼,SCRUM,,,20230421162533
862,mzd,MAZDA,mzdspn,스피아노,SPIANO,,,20230421162533
863,mla,MCLAREN,mlamp4,MP4,MP4,,,20230421162533
864,mla,MCLAREN,mlaot,아더,OTHER,,,20230421162533
865,mla,MCLAREN,mlap1,P1,P1,,,20230421162533
866,mbz,MERCEDES-BENZ,AAO63,안토스,ANTOS,트럭,,20230421162533
867,mbz,MERCEDES-BENZ,AAT64,아테고,ATEGO,트럭,,20230421162533
868,mbz,MERCEDES-BENZ,AAX63,엑소르,AXOR,트럭,,20230421162533
869,mbz,MERCEDES-BENZ,ACA54,CLA 클래스,CLA-CLASS,준중형 세단,,20230421162533
870,mbz,MERCEDES-BENZ,ACL63,CL 클래스,CL-CLASS,쿠페,,20230421162533
871,mbz,MERCEDES-BENZ,ACS63,CLS 클래스,CLS-CLASS,준대형 세단,,20230421162533
872,mbz,MERCEDES-BENZ,ACT33,악트로스,ACTROS,트럭,,20230421162533
873,mbz,MERCEDES-BENZ,AEE43,이코닉,ECONIC,트럭,,20230421162533
874,mbz,MERCEDES-BENZ,AGA63,GLA 클래스,GLA-CLASS,SUV,,20230421162533
875,mbz,MERCEDES-BENZ,AGC33,GLC 클래스,GLC-CLASS,SUV,,20230421162533
876,mbz,MERCEDES-BENZ,AGE24,GLE 클래스,GLE-CLASS,SUV,,20230421162533
877,mbz,MERCEDES-BENZ,AGG23,G 클래스,G-CLASS,SUV,,20230421162533
878,mbz,MERCEDES-BENZ,AGG24,바네오,VANEO,승합차,,20230421162533
879,mbz,MERCEDES-BENZ,AGL63,GL 클래스,GL-CLASS,SUV,,20230421162533
880,mbz,MERCEDES-BENZ,AGP56,스프린터,SPRINTER,승합차,,20230421162533
881,mbz,MERCEDES-BENZ,AGS63,GLS 클래스,GLS-CLASS,SUV,,20230421162533
882,mbz,MERCEDES-BENZ,AGT63,AMG-GT,AMG-GT,슈퍼카,,20230421162533
883,mbz,MERCEDES-BENZ,AGV12,바리오,VARIO,승합차,,20230421162533
884,mbz,MERCEDES-BENZ,AGV23,비아노,VIANO,승합차,,20230421162533
885,mbz,MERCEDES-BENZ,AGV34,비토,VITO,승합차,,20230421162533
886,mbz,MERCEDES-BENZ,ALC63,SLC 클래스,SLC-CLASS,소형 로드스터,,20230421162533
887,mbz,MERCEDES-BENZ,ALK33,GLK 클래스,GLK-CLASS,SUV,,20230421162533
888,mbz,MERCEDES-BENZ,ALK53,SLK 클래스,SLK-CLASS,소형 로드스터,,20230421162533
889,mbz,MERCEDES-BENZ,ALS43,SLS 클래스,SLS-CLASS,슈퍼카,,20230421162533
890,mbz,MERCEDES-BENZ,AMA43,A  클래스,A-CLASS,해치백,,20230421162533
891,mbz,MERCEDES-BENZ,AMB65,B 클래스,B-CLASS,해치백,,20230421162533
892,mbz,MERCEDES-BENZ,AMC63,C 클래스,C-CLASS,중형 세단,,20230421162533
893,mbz,MERCEDES-BENZ,AME63,E 클래스,E-CLASS,준대형 세단,,20230421162533
894,mbz,MERCEDES-BENZ,AMM63,M 클래스,M-CLASS,SUV,,20230421162533
895,mbz,MERCEDES-BENZ,AMR63,R 클래스,R-CLASS,해치백,,20230421162533
896,mbz,MERCEDES-BENZ,AMS63,S 클래스,S-CLASS,대형 세단,,20230421162533
897,mbz,MERCEDES-BENZ,ARO43,아록스,AROCS,트럭,,20230421162533
898,mbz,MERCEDES-BENZ,ASL63,SL 클래스,SL-CLASS,"쿠페,로드스터",,20230421162533
899,mbz,MERCEDES-BENZ,AUN43,유니목,UNIMOG,트럭,,20230421162533
900,mbz,MERCEDES-BENZ,AZZ63,제트로스,ZETROS,트럭,,20230421162533
901,mbz,MERCEDES-BENZ,MBZ19,190클래스,190-CLASS,,,20230421162533
902,mbz,MERCEDES-BENZ,MBZ30,300클래스,300-CLASS,,,20230421162533
903,mbz,MERCEDES-BENZ,MBZ35,350클래스,350-CLASS,,,20230421162533
904,mbz,MERCEDES-BENZ,MBZ40,400클래스,400-CLASS,,,20230421162533
905,mbz,MERCEDES-BENZ,MBZ42,420클래스,420-CLASS,,,20230421162533
906,mbz,MERCEDES-BENZ,MBZ50,500클래스,500-CLASS,,,20230421162533
907,mbz,MERCEDES-BENZ,MBZ56,560클래스,560-CLASS,,,20230421162533
908,mbz,MERCEDES-BENZ,MBZ60,600클래스,600-CLASS,,,20230421162533
909,mbz,MERCEDES-BENZ,mbzmb,마이바흐,MAYBACH,,,20230421162533
910,mbz,MERCEDES-BENZ,mbzmt,메트리스,METRIS,,,20230421162533
911,mbz,MERCEDES-BENZ,mbzsl,SLR 맥라렌,SLR MCLAREN,,,20230421162533
912,mbz,MERCEDES-BENZ,mbzgtr,GT 로드스터,GT ROADSTER,,,20230421162533
913,mbz,MERCEDES-BENZ,mbzvc,V 클래스,V CLASS,,,20230421162533
914,mcr,MERCURY,MCR11,세이블,SABLE,,,20230421162533
915,mcr,MERCURY,MCR22,몬테고,MONTEGO,,,20230421162533
916,mcr,MERCURY,MCR33,마운틴,MOUNTAIN,,,20230421162533
917,mcr,MERCURY,MCR44,밀란,MILLAN,,,20230421162533
918,mcr,MERCURY,MCR55,마리너,MARINER,"마리너, 마리너 하이브리드",,20230421162533
919,mcr,MERCURY,MCR66,마퀴스,MARQUIS,,,20230421162533
920,min,MINI,mncab,카브리오,CABRIO,,,20230421162533
921,min,MINI,mnclu,클럽맨,CLUBMAN,,,20230421162533
922,min,MINI,mncpr,쿠퍼,COOPER,,,20230421162533
923,min,MINI,mncps,쿠퍼S,COOPER S,,,20230421162533
924,min,MINI,mnctm,컨트리맨,COUNTRYMAN,,,20230421162533
925,min,MINI,mncup,쿠페,COUPE,,,20230421162533
926,min,MINI,mnfst,퍼스트,FIRST,,,20230421162533
927,min,MINI,mnone,원,ONE,,,20230421162533
928,min,MINI,mnpcm,페이스맨,PACEMAN,,,20230421162533
929,min,MINI,mnrst,로드스터,ROADSTER,,,20230421162533
930,min,MINI,mincvt,컨버터블,CONVERTIBLE,,,20230421162533
931,msb,MITSUBISHI,MSB20,랜서,LANCER,"에볼루션 파이널 에디션,에볼루션X,에볼루션,피오레,셀레스테,왜건",,20230421162533
932,msb,MITSUBISHI,MSB21,미라지,MIRAGE,"G4,GT,딩고,쿠페",,20230421162533
933,msb,MITSUBISHI,MSB23,아웃랜더,OUTLANDER,"스포트,PHEV,",,20230421162533
934,msb,MITSUBISHI,msb30,3000GT,3000GT,,,20230421162533
935,msb,MITSUBISHI,MSB45,이클립스,ECLIPSE,"크로스,컨버터블,",,20230421162533
936,msb,MITSUBISHI,msbdm,디아만테,DIAMANTE,,,20230421162533
937,msb,MITSUBISHI,msbed,엔데버,ENDEAVOR,,,20230421162533
938,msb,MITSUBISHI,msbex,엑스포,EXPO,,,20230421162533
939,msb,MITSUBISHI,msbgl,갤랑,GALANT,,,20230421162533
940,msb,MITSUBISHI,msbim,i-MiEV,I-MIEV,,,20230421162533
941,msb,MITSUBISHI,msbmm,마이티 맥스 픽업,MIGHTY MAX PICKUP,,,20230421162533
942,msb,MITSUBISHI,msbpr,프레시스,PRECIS,,,20230421162533
943,msb,MITSUBISHI,msbrd,레이더,RAIDER,,,20230421162533
944,msb,MITSUBISHI,msbsg,시그마,SIGMA,,,20230421162533
945,msb,MITSUBISHI,msbvw,밴왜건,VANWAGON,,,20230421162533
946,msb,MITSUBISHI,msb380,380,380,,,20230421162533
947,msb,MITSUBISHI,msbclg,챌린저,CHALLENGER,,,20230421162533
948,msb,MITSUBISHI,msbct,콜트,COLT,,,20230421162533
949,msb,MITSUBISHI,msbdg,딩고,DINGO,,,20230421162533
950,msb,MITSUBISHI,msbdgn,디그니티,DIGNITY,,,20230421162533
951,msb,MITSUBISHI,msbdlc,델리카,DELICA,,,20230421162533
952,msb,MITSUBISHI,msbdo,디온,DION,,,20230421162533
953,msb,MITSUBISHI,msbek,EK,EK,,,20230421162533
954,msb,MITSUBISHI,msbgrd,그랜디스,GRANDIS,,,20230421162533
955,msb,MITSUBISHI,msbi,i,i,,,20230421162533
956,msb,MITSUBISHI,msbl200,L200,L200,,,20230421162533
957,msb,MITSUBISHI,msbmnc,미니캡,MINICAB,,,20230421162533
958,msb,MITSUBISHI,msbpjr,파제로,PAJERO,,,20230421162533
959,msb,MITSUBISHI,msbprda,프라우디아,PROUDIA,,,20230421162533
960,msb,MITSUBISHI,msbspc,스페이스,SPACE,,,20230421162533
961,msb,MITSUBISHI,msbtb,타운 박스,TOWN BOX,,,20230421162533
962,msb,MITSUBISHI,msbtp,탑포,TOPPO,,,20230421162533
963,msb,MITSUBISHI,msbtrt,트리톤,TRITON,,,20230421162533
964,nss,NISSAN,NSS00,패스파인더,PATHFINDER,,,20230421162533
965,nss,NISSAN,NSS11,베르사,VERSA,,,20230421162533
966,nss,NISSAN,NSS12,아마다,ARMADA,,,20230421162533
967,nss,NISSAN,nss20,200SX,200SX,,,20230421162533
968,nss,NISSAN,NSS22,센트라,SENTRA,,,20230421162533
969,nss,NISSAN,NSS23,타이탄,TITAN,,,20230421162533
970,nss,NISSAN,nss24,240SX,240SX,,,20230421162533
971,nss,NISSAN,NSS32,프론티어,FRONTIER,,,20230421162533
972,nss,NISSAN,NSS33,알티마,ALTIMA,,,20230421162533
973,nss,NISSAN,nss35z,350Z,350Z,,,20230421162533
974,nss,NISSAN,NSS44,맥시마,MAXIMA,,,20230421162533
975,nss,NISSAN,NSS54,닛산 NV,NISSAN NV,,,20230421162533
976,nss,NISSAN,NSS55,리프,LEAF,,,20230421162533
977,nss,NISSAN,NSS66,370Z,370Z,,,20230421162533
978,nss,NISSAN,NSS77,GT-R,GT-R,,,20230421162533
979,nss,NISSAN,NSS88,로그,ROGUE,,,20230421162533
980,nss,NISSAN,NSS99,무라노,MURANO,,,20230421162533
981,nss,NISSAN,nssbb,블루버드,BLUEBIRD,,,20230421162533
982,nss,NISSAN,nsscb,큐브,CUBE,,,20230421162533
983,nss,NISSAN,nsscf,세피로,CEFIRO,,,20230421162533
984,nss,NISSAN,nsscm,시마,CIMA,,,20230421162533
985,nss,NISSAN,nsseg,엘그란드,ELGRAND,,,20230421162533
986,nss,NISSAN,nssfl,페어레이디 Z,FAIRLADY Z,,,20230421162533
987,nss,NISSAN,nssjk,쥬크,JUKE,,,20230421162533
988,nss,NISSAN,nssmr,마치,MARCH,,,20230421162533
989,nss,NISSAN,nssnt,노트,NOTE,,,20230421162533
990,nss,NISSAN,nssnv,나바라,NAVARA,,,20230421162533
991,nss,NISSAN,nsspl,펄사,PULSAR,,,20230421162533
992,nss,NISSAN,nsspr,프레리,PRAIRIE,,,20230421162533
993,nss,NISSAN,nsspt,패트롤,PATROL,,,20230421162533
994,nss,NISSAN,nssqe,퀘스트,QUEST,,,20230421162533
995,nss,NISSAN,nssqs,캐시카이,QASHQAI,,,20230421162533
996,nss,NISSAN,nsssk,스카이라인,SKYLINE,,,20230421162533
997,nss,NISSAN,nsssl,실비아,SILVIA,,,20230421162533
998,nss,NISSAN,nsssp,실피,SYLPHY,,,20230421162533
999,nss,NISSAN,nsssr,세레나,SERENA,,,20230421162533
1000,nss,NISSAN,nsstd,티이다,TIIDA,,,20230421162533
1001,nss,NISSAN,nsstn,티아나,TEANA,,,20230421162533
1002,nss,NISSAN,nsstr,테라노,TERRANO,,,20230421162533
1003,nss,NISSAN,nssts,쓰루,TSURU,,,20230421162533
1004,nss,NISSAN,nssxr,엑스테라,XTERRA,,,20230421162533
1005,nss,NISSAN,nssxt,엑스트레일,X-TRAIL,,,20230421162533
1006,nss,NISSAN,nssamr,알메라,ALMERA,,,20230421162533
1007,nss,NISSAN,nssclp,클리퍼,CLIPPER,,,20230421162533
1008,nss,NISSAN,nsscm,시마,CIMA,,,20230421162533
1009,nss,NISSAN,nsscrv,캐러밴,CARAVAN,,,20230421162533
1010,nss,NISSAN,nsscw,크루,CREW,,,20230421162533
1011,nss,NISSAN,nssdz,데이즈,DAYZ,,,20230421162533
1012,nss,NISSAN,nssevl,에발리아,EVALIA,,,20230421162533
1013,nss,NISSAN,nssfg,푸가,FUGA,,,20230421162533
1014,nss,NISSAN,nssits,인터스타,INTERSTAR,,,20230421162533
1015,nss,NISSAN,nsskbs,쿠비스타,KUBISTAR,,,20230421162533
1016,nss,NISSAN,nssks,킥스,KICKS,,,20230421162533
1017,nss,NISSAN,nsskx,KIX,KIX,,,20230421162533
1018,nss,NISSAN,nsslfs,라페스타,LAFESTA,,,20230421162533
1019,nss,NISSAN,nssltn,란티나,LANTINA,,,20230421162533
1020,nss,NISSAN,nsslto,라티오,LATIO,,,20230421162533
1021,nss,NISSAN,nsslvn,리비나,LIVINA,,,20230421162533
1022,nss,NISSAN,nssmc,모코,MOCO,,,20230421162533
1023,nss,NISSAN,nssmcr,미크라,MICRA,,,20230421162533
1024,nss,NISSAN,nssmtp,멀티플라,MULTIPLA,,,20230421162533
1025,nss,NISSAN,nssot,오티,OTTI,,,20230421162533
1026,nss,NISSAN,nsspmt,프리마스타,PRIMASTAR,,,20230421162533
1027,nss,NISSAN,nsspn,피노,PINO,,,20230421162533
1028,nss,NISSAN,nssprm,프리메라,PRIMERA,,,20230421162533
1029,nss,NISSAN,nssps,펄사,PULSAR,,,20230421162533
1030,nss,NISSAN,nsspsd,프레지던트,PRESIDENT,,,20230421162533
1031,nss,NISSAN,nsspsg,프리세지,PRESAGE,,,20230421162533
1032,nss,NISSAN,nsspx,픽소,PIXO,,,20230421162533
1033,nss,NISSAN,nssrns,르네사,RNESSA,,,20230421162533
1034,nss,NISSAN,nssrx,룩스,ROOX,,,20230421162533
1035,nss,NISSAN,nsssn,써니,SUNNY,,,20230421162533
1036,nss,NISSAN,nssstg,스테이지아,STAGEA,,,20230421162533
1037,nss,NISSAN,nsstr,테라,TERRA,,,20230421162533
1038,nss,NISSAN,nssuv,얼반,URVAN,,,20230421162533
1039,nss,NISSAN,nssvnt,바네트,VANETTE,,,20230421162533
1040,nss,NISSAN,nsswgd,윙로드,WINGROAD,,,20230421162533
1041,nss,NISSAN,nsswn,위너,WINNER,,,20230421162533
1042,ope,OPEL,opead,아담,ADAM,,,20230421162533
1043,ope,OPEL,opeag,아길라,AGILA,,,20230421162533
1044,ope,OPEL,opeam,암페라,AMPERA,,,20230421162533
1045,ope,OPEL,opean,안타라,ANTARA,,,20230421162533
1046,ope,OPEL,opeao,아스트라 OPC,ASTRA OPC,,,20230421162533
1047,ope,OPEL,opeas,아스트라,ASTRA,,,20230421162533
1048,ope,OPEL,opeca,카스카다,CASCADA,,,20230421162533
1049,ope,OPEL,opeco,코르사,CORSA,,,20230421162533
1050,ope,OPEL,Opecob,콤보,COMBO,,,20230421162533
1051,ope,OPEL,opecoopc,코르사 OPC,Corsa OPC,,,20230421162533
1052,ope,OPEL,opein,인사이니아,INSIGNIA,,,20230421162533
1053,ope,OPEL,opeio,인사이니아 OPC,INSIGNIA OPC,,,20230421162533
1054,ope,OPEL,opeme,메리바,MERIVA,,,20230421162533
1055,ope,OPEL,opemo,모카,MOKKA,,,20230421162533
1056,ope,OPEL,opemov,모바노,MOVANO,,,20230421162533
1057,ope,OPEL,opevi,비바로,VIVARO,,,20230421162533
1058,ope,OPEL,opeza,자피라 투어러,ZAFIRA TOURER,,,20230421162533
1059,ope,OPEL,opeclx,크로스랜드X,CROSSLANDX,,,20230421162533
1060,ope,OPEL,opectv,캡티바,CAPTIVA,,,20230421162533
1061,ope,OPEL,opeglx,그랜드랜드X,GRANDLANDX,,,20230421162533
1062,ope,OPEL,opek,칼,KARL,,,20230421162533
1063,ope,OPEL,opetgr,티그라,TIGRA,,,20230421162533
1064,ope,OPEL,opevtr,벡트라,VECTRA,,,20230421162533
1065,ope,OPEL,opezfr,자피라,ZAFIRA,,,20230421162533
1066,pgn,PAGANI,pgnhyr,와이라,HUAYRA,,,20230421162533
1067,pgn,PAGANI,pgnzd,존다,ZONDA,,,20230421162533
1068,pgt,PEUGEOT,pgt00,5008,5008,,,20230421162533
1069,pgt,PEUGEOT,pgt08,308,308,,,20230421162533
1070,pgt,PEUGEOT,pgt20,208,208,,,20230421162533
1071,pgt,PEUGEOT,pgt27c,207CC,207CC,,,20230421162533
1072,pgt,PEUGEOT,pgt27t,207GT,207GT,,,20230421162533
1073,pgt,PEUGEOT,pgt27w,207SW,207SW,,,20230421162533
1074,pgt,PEUGEOT,pgt28,2008,2008,,,20230421162533
1075,pgt,PEUGEOT,pgt30,308SW,308SW,,,20230421162533
1076,pgt,PEUGEOT,pgt308n,NEW 3008,NEW 3008,,,20230421162533
1077,pgt,PEUGEOT,pgt37c,307CC,307CC,,,20230421162533
1078,pgt,PEUGEOT,pgt37w,307SW,307SW,,,20230421162533
1079,pgt,PEUGEOT,pgt38,3008,3008,,,20230421162533
1080,pgt,PEUGEOT,pgt38c,308CC,308CC,,,20230421162533
1081,pgt,PEUGEOT,pgt38n,NEW 308,NEW 308,,,20230421162533
1082,pgt,PEUGEOT,pgt38nw,NEW 308SW,NEW 308SW,,,20230421162533
1083,pgt,PEUGEOT,pgt38t,308GT,308GT,,,20230421162533
1084,pgt,PEUGEOT,pgt47,407,407,,,20230421162533
1085,pgt,PEUGEOT,pgt47p,407 쿠페,407 COUPE,,,20230421162533
1086,pgt,PEUGEOT,pgt47w,407SW,407SW,,,20230421162533
1087,pgt,PEUGEOT,pgt50,508,508,,,20230421162533
1088,pgt,PEUGEOT,pgt58w,508SW,508SW,,,20230421162533
1089,pgt,PEUGEOT,pgt67,607,607,,,20230421162533
1090,pgt,PEUGEOT,pgtrc,RCZ,RCZ,,,20230421162533
1091,pgt,PEUGEOT,pgt1007,1007,1007,,,20230421162533
1092,pgt,PEUGEOT,pgt106,106,106,,,20230421162533
1093,pgt,PEUGEOT,pgt107,107,107,,,20230421162533
1094,pgt,PEUGEOT,pgt108,108,108,,,20230421162533
1095,pgt,PEUGEOT,pgt206,206,206,,,20230421162533
1096,pgt,PEUGEOT,pgt207,207,207,,,20230421162533
1097,pgt,PEUGEOT,pgt301,301,301,,,20230421162533
1098,pgt,PEUGEOT,pgt307,307,307,,,20230421162533
1099,pgt,PEUGEOT,pgt4007,4007,4007,,,20230421162533
1100,pgt,PEUGEOT,pgt4008,4008,4008,,,20230421162533
1101,pgt,PEUGEOT,pgt406,406,406,,,20230421162533
1102,pgt,PEUGEOT,pgt408,408,408,,,20230421162533
1103,pgt,PEUGEOT,pgt806,806,806,,,20230421162533
1104,pgt,PEUGEOT,pgt807,807,807,,,20230421162533
1105,pgt,PEUGEOT,pgtbp,비퍼,BIPPER,,,20230421162533
1106,pgt,PEUGEOT,pgtbx,박서,BOXER,,,20230421162533
1107,pgt,PEUGEOT,Pgtept,익스퍼트,EXPERT,,,20230421162533
1108,pgt,PEUGEOT,pgtion,아이온,iOn,,,20230421162533
1109,pgt,PEUGEOT,pgtptn,파트너,PARTNER,,,20230421162533
1110,pgt,PEUGEOT,pgtrft,리프터,RIFFER,,,20230421162533
1111,pgt,PEUGEOT,pgttrvr,트래블러,TRABELLER,,,20230421162533
1112,pot,PONTIAC,pot11,솔스티스,SOLSTICE,,,20230421162533
1113,pot,PONTIAC,pot22,토렌트,TORRENT,,,20230421162533
1114,pot,PONTIAC,pot33,바이브,VIBE,,,20230421162533
1115,pot,PONTIAC,pot60,6000,6000,,,20230421162533
1116,pot,PONTIAC,potaz,아즈텍,AZTEK,,,20230421162533
1117,pot,PONTIAC,potbn,보네빌,BONNEVILLE,,,20230421162533
1118,pot,PONTIAC,potfb,파이어버드,FIREBIRD,,,20230421162533
1119,pot,PONTIAC,potg3,G3,G3,,,20230421162533
1120,pot,PONTIAC,potg5,G5,G5,,,20230421162533
1121,pot,PONTIAC,potg6,G6,G6,"G6 쿠페, G6 컨버터블",,20230421162533
1122,pot,PONTIAC,potg8,G8,G8,,,20230421162533
1123,pot,PONTIAC,potga,그랜드AM,GRAND AM,,,20230421162533
1124,pot,PONTIAC,potgp,그랑프리,GRAND PRIX,,,20230421162533
1125,pot,PONTIAC,potgt,GTO,GTO,,,20230421162533
1126,pot,PONTIAC,potlm,르망,LE MANS,,,20230421162533
1127,pot,PONTIAC,potmt,몬타나,MONTANA,,,20230421162533
1128,pot,PONTIAC,potsb,썬버드,SUNBIRD,,,20230421162533
1129,pot,PONTIAC,potsf,썬파이어,SUNFIRE,,,20230421162533
1130,pot,PONTIAC,potts,트랜스 스포트,TRANS SPORT,,,20230421162533
1131,pch,PORSCHE,718bs,718 박스터,718 BOXSTER,,,20230421162533
1132,pch,PORSCHE,718cm,718 카이맨,718 CAYMAN,,,20230421162533
1133,pch,PORSCHE,718gt,718 GTS,718 GTS,,,20230421162533
1134,pch,PORSCHE,911cr,911 카레라,911 CARRERA,,,20230421162533
1135,pch,PORSCHE,911g2,911 GT2,911 GT2,,,20230421162533
1136,pch,PORSCHE,911g3,911 GT3,911 GT3,,,20230421162533
1137,pch,PORSCHE,911gt,911 GTS,911 GTS,,,20230421162533
1138,pch,PORSCHE,911tb,911 터보,911 TURBO,,,20230421162533
1139,pch,PORSCHE,911tr,911 타르가,911 TARGA,,,20230421162533
1140,pch,PORSCHE,918sp,918 스파이더,918 SPYDER,,,20230421162533
1141,pch,PORSCHE,caynn,카이엔,CAYENNE,,,20230421162533
1142,pch,PORSCHE,macan,마칸,MACAN,,,20230421162533
1143,pch,PORSCHE,pch92,928,928,,,20230421162533
1144,pch,PORSCHE,pch94,944,944,,,20230421162533
1145,pch,PORSCHE,pch96,968,968,,,20230421162533
1146,pch,PORSCHE,pchcr,카레라 GT,CARRERA GT,,,20230421162533
1147,pch,PORSCHE,pnmra,파나메라,PANAMERA,,,20230421162533
1148,pch,PORSCHE,Pch991,991,991,,,20230421162533
1149,pch,PORSCHE,pch996,996,996,,,20230421162533
1150,pch,PORSCHE,pch997,997,997,,,20230421162533
1151,pch,PORSCHE,pchbxt,박스터,BOXSTER,,,20230421162533
1152,pch,PORSCHE,pchcym,카이맨,CAYMAN,,,20230421162533
1153,prt,PROTON,prtarn,아레나,ARENA,,,20230421162533
1154,prt,PROTON,prtert,에르티가,ERTIGA,,,20230421162533
1155,prt,PROTON,prtexr,엑소라,EXORA,,,20230421162533
1156,prt,PROTON,prtirz,이리즈,IRIZ,,,20230421162533
1157,prt,PROTON,prtisp,인스피라,INSPIRA,,,20230421162533
1158,prt,PROTON,prtjar,주아라,JUARA,,,20230421162533
1159,prt,PROTON,prtpdn,페르다나,PERDANA,,,20230421162533
1160,prt,PROTON,prtprv,프레베,PREVE,,,20230421162533
1161,prt,PROTON,prtpsn,페르소나,PERSONA,,,20230421162533
1162,prt,PROTON,prtptr,푸트라,PUTRA,,,20230421162533
1163,prt,PROTON,prtsg,사가,SAGA,,,20230421162533
1164,prt,PROTON,prtspr,수프리마,SUPRIMA,,,20230421162533
1165,prt,PROTON,prtstr,사트리아,SATRIA,,,20230421162533
1166,prt,PROTON,prtsv,새비,SAVVY,,,20230421162533
1167,prt,PROTON,prttar,티아라,TIARA,,,20230421162533
1168,prt,PROTON,prtwj,와자,WAJA,,,20230421162533
1169,prt,PROTON,prtx70,X70,X70,,,20230421162533
1170,prt,PROTON,prtz2,젠2,GEN2,,,20230421162533
1171,ram,RAM,ram150,1500,1500,,,20230421162533
1172,ram,RAM,ram250,2500,2500,,,20230421162533
1173,ram,RAM,ram350,3500,3500,,,20230421162533
1174,rvn,Ravon,rvngtr,젠트라,GENTRA,,,20230421162533
1175,rvn,Ravon,rvnmtz,마티즈,MATIZ,,,20230421162533
1176,rvn,Ravon,rvnrvn,레이본,RAVON,,,20230421162533
1177,rnt,RENAULT,rnt00,트래픽,TRAFIC,,,20230421162533
1178,rnt,RENAULT,rnt11,트윙고,TWINGO,,,20230421162533
1179,rnt,RENAULT,rnt22,클리오,CLIO,,,20230421162533
1180,rnt,RENAULT,rnt33,캡처,CAPTUR,,,20230421162533
1181,rnt,RENAULT,rnt44,메간,MEGANE,,,20230421162533
1182,rnt,RENAULT,rnt55,카자르,KADJAR,,,20230421162533
1183,rnt,RENAULT,rnt66,시닉,SCENIC,,,20230421162533
1184,rnt,RENAULT,rnt77,콜레오스,KOLEOS,,,20230421162533
1185,rnt,RENAULT,rnt88,조에,ZOE,,,20230421162533
1186,rnt,RENAULT,rnt99,트위지,TWIZY,,,20230421162533
1187,rnt,RENAULT,rntsd,산드로,SANDRO,,,20230421162533
1188,rnt,RENAULT,rntavt,아반타임,AVANTIME,,,20230421162533
1189,rnt,RENAULT,rntkg,캉구,KANGOO,,,20230421162533
1190,rnt,RENAULT,rntlgn,라구나,LAGUNA,,,20230421162533
1191,rnt,RENAULT,rntmds,모뒤스,MODUS,,,20230421162533
1192,rnt,RENAULT,rntmst,마스터,MASTER,,,20230421162533
1193,rnt,RENAULT,rntmvn,모바노,MOVANO,,,20230421162533
1194,rnt,RENAULT,rntspd,스파이더,SPIDER,,,20230421162533
1195,rnt,RENAULT,rnttansb,티아나 심볼,THALIA SYMBOL,,,20230421162533
1196,rnt,RENAULT,rntvst,벨사티스,VELSATIS,,,20230421162533
1197,rnt,RENAULT,rntvvr,비바로,VIVARO,,,20230421162533
1198,rnt,RENAULT,rntwd,윈드,WIND,,,20230421162533
1199,rrc,ROLLS-ROYCE,bblac,블랙 배지,BLACK BADGE,,,20230421162533
1200,rrc,ROLLS-ROYCE,corni,코니쉬,CORNICHE,,,20230421162533
1201,rrc,ROLLS-ROYCE,dawnn,던,DAWN,,,20230421162533
1202,rrc,ROLLS-ROYCE,ghost,고스트,GHOST,,,20230421162533
1203,rrc,ROLLS-ROYCE,phntm,팬텀,PHANTOM,,,20230421162533
1204,rrc,ROLLS-ROYCE,ratih,레이스,WRAITH,,,20230421162533
1205,rrc,ROLLS-ROYCE,silbe,실버 세라프,SILBER SERAPH,,,20230421162533
1206,rrc,ROLLS-ROYCE,rrccln,쿨리나,CULLINA,,,20230421162533
1207,rov,ROVER,rov200,200,200,,,20230421162533
1208,rov,ROVER,rov25,25,25,,,20230421162533
1209,rov,ROVER,rov400,400,400,,,20230421162533
1210,rov,ROVER,rov45,45,45,,,20230421162533
1211,rov,ROVER,rovct,시티로버,CITYROVER,,,20230421162533
1212,sab,SAAB,sab90,900,900,,,20230421162533
1213,sab,SAAB,sab92,9-2X,9-2X,,,20230421162533
1214,sab,SAAB,sab93,9-3,9-3,,,20230421162533
1215,sab,SAAB,sab94,9-4X,9-4X,,,20230421162533
1216,sab,SAAB,sab95,9-5,9-5,,,20230421162533
1217,sab,SAAB,sab97,9-7X,9-7X,,,20230421162533
1218,sab,SAAB,sab99,9000,9000,,,20230421162533
1219,sab,SAAB,sab94,94,94,,,20230421162533
1220,rss,SAMSUNG,nsm55,뉴SM5,New SM5,,,20230421162533
1221,rss,SAMSUNG,nsmltt,래티튜드,LATITUDE,,,20230421162533
1222,rss,SAMSUNG,qm333,QM3,QM3,,,20230421162533
1223,rss,SAMSUNG,qm555,QM5,QM5,,,20230421162533
1224,rss,SAMSUNG,qm566,콜레오스,KOLEOS,,,20230421162533
1225,rss,SAMSUNG,qm666,QM6,QM6,,,20230421162533
1226,rss,SAMSUNG,qm777,QM7,QM7,,,20230421162533
1227,rss,SAMSUNG,qmepc,에스파스,ESPACE,,,20230421162533
1228,rss,SAMSUNG,sm333,SM3,SM3,,,20230421162533
1229,rss,SAMSUNG,sm555,SM5,SM5,,,20230421162533
1230,rss,SAMSUNG,sm666,SM6,SM6,,,20230421162533
1231,rss,SAMSUNG,sm677,탈리스만,TALISMAN,,,20230421162533
1232,rss,SAMSUNG,sm777,SM7,SM7,,,20230421162533
1233,rss,SAMSUNG,smfrc,플루언스,FLUENCE,,,20230421162533
1234,rss,SAMSUNG,smsfr,사프란,SAFRANE,,,20230421162533
1235,stn,SATURN,stn11,아스트라,ASTRA,,,20230421162533
1236,stn,SATURN,stn22,아우라,AURA,,,20230421162533
1237,stn,SATURN,stn33,아웃룩,OUTLOOK,,,20230421162533
1238,stn,SATURN,stn44,스카이,SKY,,,20230421162533
1239,stn,SATURN,stn55,뷰,VUE,,,20230421162533
1240,sca,SCANIA,sca11,P 시리즈,P SERIES,,,20230421162533
1241,sca,SCANIA,sca22,G 시리즈,G SERIES,,,20230421162533
1242,sca,SCANIA,sca33,R 시리즈,R SERIES,,,20230421162533
1243,sca,SCANIA,sca44,신형 S시리즈,NEW S SERIES,,,20230421162533
1244,scn,SCION,scnfr,FR-S,FR-S,,,20230421162533
1245,scn,SCION,scnia,IA,IA,,,20230421162533
1246,scn,SCION,scnim,IM,IM,,,20230421162533
1247,scn,SCION,scniq,IQ,IQ,,,20230421162533
1248,scn,SCION,scntc,TC,TC,,,20230421162533
1249,scn,SCION,scnxa,XA,XA,,,20230421162533
1250,scn,SCION,scnxb,XB,XB,,,20230421162533
1251,scn,SCION,scnxd,XD,XD,,,20230421162533
1252,sea,SEAT,seaac,아테카,ATECA,,,20230421162533
1253,sea,SEAT,seaah,알함브라,ALHAMBRA,,,20230421162533
1254,sea,SEAT,seaar,아로나,ARONA,,,20230421162533
1255,sea,SEAT,seaat,알테아,ALTEA,,,20230421162533
1256,sea,SEAT,seaex,엑시오,EXEO,,,20230421162533
1257,sea,SEAT,seaib,이비자,IBIZA,,,20230421162533
1258,sea,SEAT,seale,레온,LEON,,,20230421162533
1259,sea,SEAT,seami,Mii,MII,,,20230421162533
1260,sea,SEAT,seatl,톨레도,TOLEDO,,,20230421162533
1261,sea,SEAT,seaars,아로사,AROSA,,,20230421162533
1262,sea,SEAT,seacdb,코르도바,CORDOBA,,,20230421162533
1263,sea,SEAT,seaic,잉카,INCA,,,20230421162533
1264,sea,SEAT,seatrc,타라코,TARRACO,,,20230421162533
1265,shb,SHELBY,shbaer,에어로,AERO,,,20230421162533
1266,skd,SKODA,skdct,시티고,CITIGO,,,20230421162533
1267,skd,SKODA,skdfb,파비아,FABIA,,,20230421162533
1268,skd,SKODA,skdkd,코디악,KODIAQ,,,20230421162533
1269,skd,SKODA,skdkr,카록,KAROQ,,,20230421162533
1270,skd,SKODA,skdoc,옥타비아,OCTAVIA,,,20230421162533
1271,skd,SKODA,skdrp,라피드,RAPID,,,20230421162533
1272,skd,SKODA,skdrs,룸스터,ROOMSTER,,,20230421162533
1273,skd,SKODA,skdsp,수퍼브,SUPERB,,,20230421162533
1274,skd,SKODA,skdyt,예티,YETI,,,20230421162533
1275,skd,SKODA,skdflc,펠리시아,FELICIA,,,20230421162533
1276,skd,SKODA,skdprt,프락틱,PRAKTIK,,,20230421162533
1277,skd,SKODA,skdscl,스칼라,SCALA,,,20230421162533
1278,smt,SMART,smtff,포포,FORFOUR,,,20230421162533
1279,smt,SMART,smtft,포투,FORTWO,,,20230421162533
1280,smt,SMART,smtrds,로드스터,ROADSTER,,,20230421162533
1281,spk,SPYKER,spkc12,C12,C12,,,20230421162533
1282,spk,SPYKER,spkc8,C8,C8,,,20230421162533
1283,ssy,SSANGYONG,krndo,코란도,KORANDO,,,20230421162533
1284,ssy,SSANGYONG,musso,무쏘,MUSSO,,,20230421162533
1285,ssy,SSANGYONG,rextn,렉스턴,REXTON,,,20230421162533
1286,ssy,SSANGYONG,ssyac,액티언,ACTYON,,,20230421162533
1287,ssy,SSANGYONG,ssycm,체어맨,CHAIRMAN,,,20230421162533
1288,ssy,SSANGYONG,ssykr,카이런,KYRON,,,20230421162533
1289,ssy,SSANGYONG,ssyrd,로디우스,RODIUS,,,20230421162533
1290,ssy,SSANGYONG,tivli,티볼리,TIVOLI,,,20230421162533
1291,ssy,SSANGYONG,ssyistn,이스타나,ISTANA,,,20230421162533
1292,sbr,SUBARU,sbrbj,바하,BAJA,,,20230421162533
1293,sbr,SUBARU,sbrbz,BRZ,BRZ,,,20230421162533
1294,sbr,SUBARU,sbrex,엑시가,EXIGA,,,20230421162533
1295,sbr,SUBARU,sbrfr,포레스터,FORESTER,,,20230421162533
1296,sbr,SUBARU,sbrim,임프레자,IMPREZA,,,20230421162533
1297,sbr,SUBARU,sbrlg,레거시,LEGACY,,,20230421162533
1298,sbr,SUBARU,sbrlv,레보그,LEVORG,,,20230421162533
1299,sbr,SUBARU,sbrob,아웃백,OUTBACK,,,20230421162533
1300,sbr,SUBARU,sbrsv,SVX,SVX,,,20230421162533
1301,sbr,SUBARU,sbrtb,트리이베카,TRIBECA,,,20230421162533
1302,sbr,SUBARU,sbrwr,WRX,WRX,,,20230421162533
1303,sbr,SUBARU,sbrxv,XV,XV,,,20230421162533
1304,sbr,SUBARU,sbract,어센트,ASCENT,,,20230421162533
1305,sbr,SUBARU,sbrg3x,G3X,G3X,,,20230421162533
1306,sbr,SUBARU,sbrjst,저스티,JUSTY,,,20230421162533
1307,sbr,SUBARU,sbrk1,K1,K1,,,20230421162533
1308,sbr,SUBARU,sbrk2,K2,K2,,,20230421162533
1309,sbr,SUBARU,sbrlcr,루크라,LUCRA,,,20230421162533
1310,sbr,SUBARU,sbrplo,플레오,PLEO,,,20230421162533
1311,sbr,SUBARU,sbrsb,삼바,SAMBAR,,,20230421162533
1312,sbr,SUBARU,sbrstl,스텔라,STELLA,,,20230421162533
1313,sbr,SUBARU,sbrtrv,트라빅,TRAVIQ,,,20230421162533
1314,sbr,SUBARU,Sbrxvct,XV크로스트랙,XV CROSSTREK,,,20230421162533
1315,szk,SUZUKI,szkar,에어리오,AERIO,,,20230421162533
1316,szk,SUZUKI,szkeq,이퀘이터,EQUATOR,,,20230421162533
1317,szk,SUZUKI,szkes,이스팀,ESTEEM,,,20230421162533
1318,szk,SUZUKI,szkfr,포렌자,FORENZA,,,20230421162533
1319,szk,SUZUKI,szkgv,그랜드 비티라,GRAND VITARA,,,20230421162533
1320,szk,SUZUKI,szkjm,짐니,JIMNY,,,20230421162533
1321,szk,SUZUKI,szkkz,키자시,KIZASHI,,,20230421162533
1322,szk,SUZUKI,szkrn,리노,RENO,,,20230421162533
1323,szk,SUZUKI,szksw,스위프트,SWIFT,,,20230421162533
1324,szk,SUZUKI,szksx,SX4,SX4,,,20230421162533
1325,szk,SUZUKI,szkvr,베로나,VERONA,,,20230421162533
1326,szk,SUZUKI,szkvt,비타라,VITARA,,,20230421162533
1327,szk,SUZUKI,szkx9,X-90,X-90,,,20230421162533
1328,szk,SUZUKI,szkxl,XL-7,XL-7,,,20230421162533
1329,szk,SUZUKI,szkapv,APV,APV,,,20230421162533
1330,szk,SUZUKI,szkat,알토,ALTO,,,20230421162533
1331,szk,SUZUKI,szkbln,발레노,BALENO,,,20230421162533
1332,szk,SUZUKI,szkciz,시아즈,CIAZ,,,20230421162533
1333,szk,SUZUKI,szkclo,셀레리오,CELERIO,,,20230421162533
1334,szk,SUZUKI,szkcr,캐리,CARRY,,,20230421162533
1335,szk,SUZUKI,szketg,에르티가,ERTIGA,,,20230421162533
1336,szk,SUZUKI,szkhsr,허슬러,HUSTLER,,,20230421162533
1337,szk,SUZUKI,szkign,이그니스,IGNIS,,,20230421162533
1338,szk,SUZUKI,szkkei,케이,KEI,,,20230421162533
1339,szk,SUZUKI,szkld,랜디,LANDY,,,20230421162533
1340,szk,SUZUKI,szklp,라핀,LAPIN,,,20230421162533
1341,szk,SUZUKI,szkplt,팔레트,PALETTE,,,20230421162533
1342,szk,SUZUKI,szkspc,스페이시아,SPACIA,,,20230421162533
1343,szk,SUZUKI,szksph,스플래시,SPLASH,,,20230421162533
1344,szk,SUZUKI,szkwgmr,왜건 MR,WAGON MR,,,20230421162533
1345,szk,SUZUKI,szkwgr,왜건 R,WAGON R,,,20230421162533
1346,tat,TATA,tatace,에이스,ACE,,,20230421162533
1347,tat,TATA,tatara,아리아,ARIA,,,20230421162533
1348,tat,TATA,tatbolt,볼트,BOLT,,,20230421162533
1349,tat,TATA,tathex,헥사,HEXA,,,20230421162533
1350,tat,TATA,tathrr,해리어,HARRIR,,,20230421162533
1351,tat,TATA,tatidc,인디카,INDICA,,,20230421162533
1352,tat,TATA,tatidg,인디고,INFIGO,,,20230421162533
1353,tat,TATA,tatmg,매직,MAGIC,,,20230421162533
1354,tat,TATA,tatmvs,모버스,MOVUS,,,20230421162533
1355,tat,TATA,tatnn,나노,NANO,,,20230421162533
1356,tat,TATA,tatnx,넥슨,NEXON,,,20230421162533
1357,tat,TATA,tatsfr,사파리,SAFARI,,,20230421162533
1358,tat,TATA,tatsm,스모,SUMO,,,20230421162533
1359,tat,TATA,tattig,티아고,TIAGO,,,20230421162533
1360,tat,TATA,tatvt,벤처,VENTURE,,,20230421162533
1361,tat,TATA,tatwg,윈저,WINGER,,,20230421162533
1362,tat,TATA,tatxn,제논,XENON,,,20230421162533
1363,tat,TATA,tatzst,제스트,ZEST,,,20230421162533
1364,tsl,TESLA,tsl33,모델 3,MODEL 3,,,20230421162533
1365,tsl,TESLA,tslrd,로드스터,ROADSTER,,,20230421162533
1366,tsl,TESLA,tslss,모델 S,MODEL S,,,20230421162533
1367,tsl,TESLA,tslxx,모델 X,MODEL X,,,20230421162533
1368,tyt,TOYOTA,TOY11,4러너,4RUNNER,,,20230421162533
1369,tyt,TOYOTA,TOY12,프리우스,PRIUS,"프리우스, 프리우스C, 프리우스 Prime, 프리우스 V",,20230421162533
1370,tyt,TOYOTA,TOY22,86,86,,,20230421162533
1371,tyt,TOYOTA,TOY23,라브4,RAV4,"라브4, 라브4 하이브리드",,20230421162533
1372,tyt,TOYOTA,TOY33,아발론,AVALON,"아발론, 아발론 하이브리드",,20230421162533
1373,tyt,TOYOTA,TOY34,세콰이어,SEQUOIA,,,20230421162533
1374,tyt,TOYOTA,TOY44,C-HR,C-HR,,,20230421162533
1375,tyt,TOYOTA,TOY45,시에나,SIENNA,,,20230421162533
1376,tyt,TOYOTA,TOY55,캠리,CAMRY,"캠리, 캠리 하이브리드",,20230421162533
1377,tyt,TOYOTA,TOY56,타코마,TACOMA,,,20230421162533
1378,tyt,TOYOTA,TOY66,코롤라,COROLLA,"코롤라, 코롤라 iM",,20230421162533
1379,tyt,TOYOTA,TOY67,야리스,YARIS,"야리스, 야리스 iA",,20230421162533
1380,tyt,TOYOTA,TOY77,하이랜더,HIGHLANDER,"하이랜더, 하이랜더 하이브리드",,20230421162533
1381,tyt,TOYOTA,TOY78,툰드라,TUNDRA,,,20230421162533
1382,tyt,TOYOTA,TOY88,랜드크루저,LANDCRUISER,,,20230421162533
1383,tyt,TOYOTA,TOY99,미라이,MIRAI,,,20230421162533
1384,tyt,TOYOTA,tytag,아이고,AYGO,,,20230421162533
1385,tyt,TOYOTA,tytar,오리스,AURIS,,,20230421162533
1386,tyt,TOYOTA,tytas,어벤시스,AVENSIS,,,20230421162533
1387,tyt,TOYOTA,tytav,아반자,AVANZA,,,20230421162533
1388,tyt,TOYOTA,tytcr,크라운 빅토리아,CROWN,,,20230421162533
1389,tyt,TOYOTA,tytfj,FJ크루저,FJ CRUISER,,,20230421162533
1390,tyt,TOYOTA,tytft,포추너,FORTUNER,,,20230421162533
1391,tyt,TOYOTA,tythr,해리어,HARRIER,,,20230421162533
1392,tyt,TOYOTA,tytiq,iQ,iQ,,,20230421162533
1393,tyt,TOYOTA,tytmt,매트릭스,MATRIX,,,20230421162533
1394,tyt,TOYOTA,tytnh,노아,NOAH,,,20230421162533
1395,tyt,TOYOTA,tytrc,락티스,RACTIS,,,20230421162533
1396,tyt,TOYOTA,tytst,시엔타,SIENTA,,,20230421162533
1397,tyt,TOYOTA,tytvs,베르소,VERSO,,,20230421162533
1398,tyt,TOYOTA,tytvz,벤자,VENZA,,,20230421162533
1399,tyt,TOYOTA,tytapd,알파드,ALPHARD,,,20230421162533
1400,tyt,TOYOTA,tytavs,어벤시스,AVENSIS,,,20230421162533
1401,tyt,TOYOTA,tytclc,셀리카,CELICA,,,20230421162533
1402,tyt,TOYOTA,tytestm,에스티마,ESTIMA,,,20230421162533
1403,tyt,TOYOTA,tytgt86,GT86,GT86,,,20230421162533
1404,tyt,TOYOTA,tythace,하이에이스,HIACE,,,20230421162533
1405,tyt,TOYOTA,tythlux,하이럭스,HILUX,,,20230421162533
1406,tyt,TOYOTA,tytmkx,마크X,MARKX,,,20230421162533
1407,tyt,TOYOTA,Tytmr2,MR2,MR2,,,20230421162533
1408,tyt,TOYOTA,tytpva,프레비아,PREVIA,,,20230421162533
1409,tyt,TOYOTA,tytspr,수프라IV,SUPRAL V,,,20230421162533
1410,tyt,TOYOTA,tytubcr,어반 크루저,URBANCRUISER,,,20230421162533
1411,tyt,TOYOTA,tytvios,비오스,VIOS,,,20230421162533
1412,vxh,VAUXHALL,vxhad,아담,ADAM,,,20230421162533
1413,vxh,VAUXHALL,vxhast,아스트라,ASTRA,,,20230421162533
1414,vxh,VAUXHALL,vxhclx,크로스랜드X,CROSSLAND X,,,20230421162533
1415,vxh,VAUXHALL,vxhcs,콜사,CORSA,,,20230421162533
1416,vxh,VAUXHALL,vxhglx,그랜드랜드X,GRANDLAND X,,,20230421162533
1417,vxh,VAUXHALL,vxhisg,인시그니아,INSIGNIA,,,20230421162533
1418,vxh,VAUXHALL,vxhmk,모카,MOKKA,,,20230421162533
1419,vsw,VOLKSWAGEN,vsw11,제타,JETTA,,,20230421162533
1420,vsw,VOLKSWAGEN,vsw22,파사트,PASSAT,,,20230421162533
1421,vsw,VOLKSWAGEN,vsw33,티구안,TIGUAN,,"Tiguan, Tiguan Limited",20230421162533
1422,vsw,VOLKSWAGEN,vsw44,아틀라스,ATLAS,,,20230421162533
1423,vsw,VOLKSWAGEN,vsw55,투아렉,TOUAREQ,,,20230421162533
1424,vsw,VOLKSWAGEN,vsw66,비틀,BEETLE,,,20230421162533
1425,vsw,VOLKSWAGEN,vswam,아마록,AMAROK,,,20230421162533
1426,vsw,VOLKSWAGEN,vswar,아테온,ARTEON,,,20230421162533
1427,vsw,VOLKSWAGEN,vswcc,CC,CC,,,20230421162533
1428,vsw,VOLKSWAGEN,vswcd,캐디,CADDY,,,20230421162533
1429,vsw,VOLKSWAGEN,vsweo,EOS,EOS,,,20230421162533
1430,vsw,VOLKSWAGEN,vswgl,골프 시리즈,GOLF SERIES,,"Golf GTI, e-Golf, Golf R, Golf Alltrack, Golf SportWagen",20230421162533
1431,vsw,VOLKSWAGEN,vswlp,루포,LUPO,,,20230421162533
1432,vsw,VOLKSWAGEN,vswpl,폴로,POLO,,,20230421162533
1433,vsw,VOLKSWAGEN,vswpt,페이톤,PHAETON,,,20230421162533
1434,vsw,VOLKSWAGEN,vswrt,루탄,ROUTAN,,,20230421162533
1435,vsw,VOLKSWAGEN,vswsf,스페이스 폭스,SPACE FOX,,,20230421162533
1436,vsw,VOLKSWAGEN,vswsh,샤란,SHARAN,,,20230421162533
1437,vsw,VOLKSWAGEN,vswtp,트랜스포터,TRANSPORTER,,,20230421162533
1438,vsw,VOLKSWAGEN,vswtr,티록,T-ROC,,,20230421162533
1439,vsw,VOLKSWAGEN,vswtu,투란,TOURAN,,,20230421162533
1440,vsw,VOLKSWAGEN,vswup,업,UP!,,,20230421162533
1441,vsw,VOLKSWAGEN,vwsr,시로코,SCIROCCO,,,20230421162533
1442,vsw,VOLKSWAGEN,vswcrd,코라도,CORRADO,,,20230421162533
1443,vsw,VOLKSWAGEN,vswcrf,크래프터,CRAFTER,,,20230421162533
1444,vsw,VOLKSWAGEN,vswfox,폭스,FOX,,,20230421162533
1445,vsw,VOLKSWAGEN,vswtag,투아렉,TOUAREG,,,20230421162533
1446,vsw,VOLKSWAGEN,vswvt,벤토,VENTO,,,20230421162533
1447,vlv,VOLVO,vlv24,240,240,,,20230421162533
1448,vlv,VOLVO,vlv74,740,740,,,20230421162533
1449,vlv,VOLVO,vlv76,760,760,,,20230421162533
1450,vlv,VOLVO,vlv78,780,780,,,20230421162533
1451,vlv,VOLVO,vlv85,850,850,,,20230421162533
1452,vlv,VOLVO,vlv94,940,940,,,20230421162533
1453,vlv,VOLVO,vlv96,960,960,,,20230421162533
1454,vlv,VOLVO,vlvc3,C30,C30,,,20230421162533
1455,vlv,VOLVO,vlvc7,C70,C70,,,20230421162533
1456,vlv,VOLVO,vlvcp,쿠페,COUPE,,,20230421162533
1457,vlv,VOLVO,vlvcx7,XC70,XC70,,,20230421162533
1458,vlv,VOLVO,vlvs4,S40,S40,,,20230421162533
1459,vlv,VOLVO,vlvs7,S70,S70,,,20230421162533
1460,vlv,VOLVO,vlvs8,S80,S80,,,20230421162533
1461,vlv,VOLVO,vlvv5,V50,V50,,,20230421162533
1462,vlv,VOLVO,vlvv7,V70,V70,,,20230421162533
1463,vlv,VOLVO,VOV11,XC60,XC60,플러그인 하이브리드,,20230421162533
1464,vlv,VOLVO,VOV21,XC40,XC40,,,20230421162533
1465,vlv,VOLVO,VOV24,V40,V40,크로스컨트리,,20230421162533
1466,vlv,VOLVO,VOV46,S90,S90,"플러그인 하이브리드,R-디자인",,20230421162533
1467,vlv,VOLVO,VOV53,XC90,XC90,"플러그인 하이브리드,R-디자인",,20230421162533
1468,vlv,VOLVO,VOV55,V60,V60,"플러그인 하이브리드,폴스타,크로스컨트리,하이브리드",,20230421162533
1469,vlv,VOLVO,VOV66,V90,V90,"크로스컨트리,플러그인 하이브리드,R-디자인",,20230421162533
1470,vlv,VOLVO,VOV78,S60,S60,"폴스타,폴스타TC1,크로스컨트리",,20230421162533
1471,yma,YAMAHA,ymh11,야마하,YAMAHA,,,20230421162533
1472,dca,DACIA,dcalg,로건,LOGAN,,,20230421162533
1473,dca,DACIA,dcasd,산데로,SANDERO,,,20230421162533
1474,dca,DACIA,dcads,더스터,DUSTER,,,20230421162533
1475,dca,DACIA,dcald,롯지,LODGE,,,20230421162533
1476,dca,DACIA,dcadk,도커,DOKKER,,,20230421162533
1477,dca,DACIA,dca11,1100,1100,,,20230421162533
1478,dca,DACIA,dca13,1300,1300,,,20230421162533
1479,dca,DACIA,dca20,2000,2000,,,20230421162533
1480,dca,DACIA,dcals,러스툰,LASTUN,,,20230421162533
1481,dca,DACIA,dcanv,노바,NOVA,,,20230421162533
1482,dca,DACIA,dcasn,슈퍼노바,SUPER NOVA,,,20230421162533
1483,dca,DACIA,dcasl,솔렌자,SOLENZA,,,20230421162533
1484,shb,SHELBY,shbua,얼티밋 에어로,ULTIMATE AERO,,,20230421162533
1485,shb,SHELBY,shbta,투아타라,TUATARA,,,20230421162533
1486,hyd,HYUNDAI,hydsol,솔라리스,SOLARIS,,,20230421162533
1487,mbz,MERCEDES-BENZ,mbzck,CLK 클래스,CLK-CLASS,,,20230421162533
1488,ope,OPEL,opecos,코르사,CORSA,,,20230421162533
1489,chv,CHEVROLET,chvsn,스핀,SPIN,,,20230421162533
1490,hyd,HYUNDAI,hydgz,겟츠,GETZ,,,20230421162533
1491,hyd,HYUNDAI,hydhb,HB20,HB20,,,20230421162533
1492,mhd,MAHINDRA,mhdsp,스콜피오,SCORPIO,,,20230421162533
1493,mhd,MAHINDRA,mhdbl,볼레로,BOLERO,,,20230421162533
1494,mhd,MAHINDRA,mhdtr,타르,THAR,,,20230421162533
1495,mhd,MAHINDRA,mhdrx,록소르,ROXOR,,,20230421162533
1496,mhd,MAHINDRA,mhdxl,자일로,XYLO,,,20230421162533
1497,mhd,MAHINDRA,mhdqt,콴토,QUANTO,,,20230421162533
1498,mhd,MAHINDRA,mhdx3,XUV300,XUV300,,,20230421162533
1499,mhd,MAHINDRA,mhdx4,XUV400,XUV400,,,20230421162533
1500,mhd,MAHINDRA,mhdx5,XUV500,XUV500,,,20230421162533
1501,mhd,MAHINDRA,mhdt3,TUV300,TUV300,,,20230421162533
1502,mhd,MAHINDRA,mhdk1,KUV100,KUV100,,,20230421162533
1503,mhd,MAHINDRA,mhdvt,베리토,VERITO,,,20230421162533
1504,mhd,MAHINDRA,mhdeo,E2O,E2O,,,20230421162533
1505,mhd,MAHINDRA,mhdag,앨투라스 G4,ALTURAS G4,,,20230421162533
1506,mhd,MAHINDRA,mhdmz,마라조,MARAZZO,,,20230421162533
1507,mhd,MAHINDRA,mhdmm,맥시모,MAXXIMO,,,20230421162533
1508,chv,CHEVROLET,chvgv,그랜드 비타라,GRAND VITARA,,,20230421162533
1509,lad,LADA,ladkn,칼리나,KALINA,,,20230421162533
1510,kia,KIA,kiasl,셀토스,SELTOS,,,20230421162533
1511,szk,SUZUKI,szkzn,젠,ZEN,,,20230421162533
1512,chy,CHERY,chyqq,QQ,QQ,,,20230421162533
1513,chy,CHERY,chyfw,펑윈,FULWIN,,,20230421162533
1514,chy,CHERY,chycw,치윈,COWIN,,,20230421162533
1515,chy,CHERY,chytg,루이후,TIGGO,,,20230421162533
1516,chy,CHERY,chyes,동팡쯔즈,EASTAR,,,20230421162533
1517,chy,CHERY,chya5,A5,A5,,,20230421162533
1518,chy,CHERY,chyv5,V5,V5,,,20230421162533
1519,chy,CHERY,chyq6,QQ6,QQ6,,,20230421162533
1520,chy,CHERY,chykr,Karry,KARRY,,,20230421162533
1521,chy,CHERY,chya1,A1,A1,,,20230421162533
1522,chy,CHERY,chyec,동팡쯔즈 Cross,EASTAR CROSS,,,20230421162533
1523,chy,CHERY,chya3,A3,A3,,,20230421162533
1524,chy,CHERY,chyqm,QQme,QQME,,,20230421162533
1525,chy,CHERY,chyg5,Riich G5,RIICH G5,,,20230421162533
1526,chy,CHERY,chym1,Riich M1,RIICH M1,,,20230421162533
1527,cdl,CADILLAC,cdlbls,BLS,BLS,,,20230421162533
1528,vsw,VOLKSWAGEN,vswgo,골,GOL,,,20230421162533
1529,vsw,VOLKSWAGEN,vswvy,보야지,VOYAGE,,,20230421162533
1530,vsw,VOLKSWAGEN,vswsv,사베이로,SAVEIRO,,,20230421162533
1531,vsw,VOLKSWAGEN,vswpr,파라티,PARATI,,,20230421162533
1532,lif,LIFAN,lifl6,LF6361,LF6361,,,20230421162533
1533,lif,LIFAN,lifl1,LF1010,LF1010,,,20230421162533
1534,lif,LIFAN,lif32,320,320,,,20230421162533
1535,lif,LIFAN,lif33,330,330,,,20230421162533
1536,lif,LIFAN,lif52,520,520,,,20230421162533
1537,lif,LIFAN,lif5i,520i,520i,,,20230421162533
1538,lif,LIFAN,lif53,530,530,,,20230421162533
1539,lif,LIFAN,lif62,620,620,,,20230421162533
1540,lif,LIFAN,lif63,630,630,,,20230421162533
1541,lif,LIFAN,lif65,650,650,,,20230421162533
1542,lif,LIFAN,lif72,720,720,,,20230421162533
1543,lif,LIFAN,lif82,820,820,,,20230421162533
1544,lif,LIFAN,liflo,Lotto,LOTTO,,,20230421162533
1545,lif,LIFAN,lifm7,M7,M7,,,20230421162533
1546,lif,LIFAN,lifx5,X50,X50,,,20230421162533
1547,lif,LIFAN,lifx6,X60,X60,,,20230421162533
1548,lif,LIFAN,lifmw,Maiwei,MAIWEI,,,20230421162533
1549,lif,LIFAN,lifx7,X70,X70,,,20230421162533
1550,lif,LIFAN,lifx8,X80,X80,,,20230421162533
1551,lif,LIFAN,liffo,Fosion,FOSION,,,20230421162533
1552,gns,Genesis,gnsv8,GV80,GV80,,,20230421162533
1553,vsw,VOLKSWAGEN,vswtc,T 크로스,T CROSS,,,20230421162533
1554,ctr,CITROEN,ctrxc,Xsara 쿠페,XSARA COUPE,,,20230421162533
1555,ctr,CITROEN,ctrxh,Xsara 해치백,XSARA HATCHBACK,,,20230421162533
1556,ctr,CITROEN,ctrxe,Xsara 에스테이트,XSARA ESTATE,,,20230421162533
1557,mgs,MG,mgsf,F,F,,,20230421162533
1558,mgs,MG,mgstf,TF,TF,,,20230421162533
1559,mgs,MG,mgszr,ZR,ZR,,,20230421162533
1560,mgs,MG,mgs3,3,3,,,20230421162533
1561,mgs,MG,mgs6,6,6,,,20230421162533
1562,mgs,MG,mgs5,5,5,,,20230421162533
1563,mgs,MG,mgszt,ZT,ZT,,,20230421162533
1564,mgs,MG,mgs7,7,7,,,20230421162533
1565,mgs,MG,mgsxp,X파워 SV,X POWER SV,,,20230421162533
1566,mgs,MG,mgsme,메트로,METRO,,,20230421162533
1567,mgs,MG,mgsex,익스프레스,EXPRESS,,,20230421162533
1568,mgs,MG,mgsv8,V80,V80,,,20230421162533
1569,mgs,MG,mgsgs,GS,GS,,,20230421162533
1570,mgs,MG,mgszs,ZS,ZS,,,20230421162533
1571,mgs,MG,mgsr5,RX5,RX5,,,20230421162533
1572,mgs,MG,mgshs,HS,HS,,,20230421162533
1573,mgs,MG,mgsht,헥터,HECTOR,,,20230421162533
1574,mgs,MG,mgsze,ZS EV,ZS EV,,,20230421162533
1575,mgs,MG,mgshp,헥터 플러스,HECTOR PLUS,,,20230421162533
1576,mgs,MG,mgsgl,글로스터,GLOSTER,,,20230421162533
1578,hvl,HAVAL,hvlm6,M6,M6,,,20230421162533
1579,hvl,HAVAL,hvlf5,F5,F5,,,20230421162533
1580,hvl,HAVAL,hvlf7,F7,F7,,,20230421162533
1581,hvl,HAVAL,hvlh1,H1,H1,,,20230421162533
1582,hvl,HAVAL,hvlh2,H2,H2,,,20230421162533
1583,hvl,HAVAL,hvl2s,H2S,H2S,,,20230421162533
1584,hvl,HAVAL,hvlh4,H4,H4,,,20230421162533
1585,hvl,HAVAL,hvlh5,H5,H5,,,20230421162533
1586,hvl,HAVAL,hvlh6,H6,H6,,,20230421162533
1587,hvl,HAVAL,hvl6s,H6 SPORT,H6 SPORT,,,20230421162533
1588,hvl,HAVAL,hvl6c,H6 COUPE,H6 COUPE,,,20230421162533
1589,hvl,HAVAL,hvlh7,H7,H7,,,20230421162533
1590,hvl,HAVAL,hvlh8,H8,H8,,,20230421162533
1591,hvl,HAVAL,hvlh9,H9,H9,,,20230421162533
1592,hvl,HAVAL,hvlbd,BIG DOG,BIG DOG,,,20230421162533
1593,wey,WEY,weyv5,VV5,VV5,,,20230421162533
1594,wey,WEY,weyv6,VV6,VV6,,,20230421162533
1595,wey,WEY,weyv7,VV7,VV7,,,20230421162533
1596,wey,WEY,wey7g,VV7 GT,VV7 GT,,,20230421162533
1597,wey,WEY,weyp8,P8,P8,,,20230421162533
1598,ora,ORA,oraiq,IQ,IQ,,,20230421162533
1599,ora,ORA,orar1,R1,RQ,,,20230421162533
1600,gwm,GWM,gwmw3,WINGLE 3,WINGLE 3,,,20230421162533
1601,gwm,GWM,gwmw5,WINGLE 5,WINGLE 5,,,20230421162533
1602,gwm,GWM,gwmw6,WINGLE 6,WINGLE 6,,,20230421162533
1603,gwm,GWM,gwmw7,WINGLE 7,WINGLE 7,,,20230421162533
1604,gwm,GWM,gwmsd,STEED,STEED,,,20230421162533
1605,gwm,GWM,gwm24,V240,V240,,,20230421162533
1606,gwm,GWM,gwmpr,POER,POER,,,20230421162533
1607,rnt,RENAULT,rntkw,크위드,KWID,,,20230421162533
1608,gly,GEELY,glyat,아틀라스,ATLAS,,,20230421162533
1609,gly,GEELY,glycr,쿨 레이,COOLRAY,,,20230421162533
1610,gly,GEELY,glyx7,EMGRAND X7,EMGRAND X7,,,20230421162533
1611,gly,GEELY,glygs,GS,GS,,,20230421162533
1612,gly,GEELY,glynt,NEW TUGELLA,NEW TUGELLA,,,20230421162533
1613,ivc,IVECO,ivcdy,데일리,DAILY,,,20230421162533
1614,rss,SAMSUNG,xm333,XM3,XM3,,,20230421162533
1615,rnt,RENAULT,rntrg,로건,LOGAN,,,20230421162533
1616,rnt,RENAULT,rntep,에스파스,ESPACE,,,20230421162533
1617,lad,LADA,lad10,110,110,,,20230421162533
1618,lad,LADA,lad11,111,111,,,20230421162533
1619,lad,LADA,lad12,112,112,,,20230421162533
1620,lad,LADA,ladvz0,VAZ-2110,VAZ-2110,,,20230421162533
1621,lad,LADA,ladvz1,VAZ-2111,VAZ-2111,,,20230421162533
1622,lad,LADA,ladvz2,VAZ-2112,VAZ-2112,,,20230421162533
1623,fat,FIAT,fatun,우노,UNO,,,20230421162533
1624,gns,Genesis,gnsv7,GV70,GV70,,,20230421162533
1625,jac,JAC,jacbye,BINYUE,BINYUE,,,20230421162533
1626,jac,JAC,jachye,HEYUE,HEYUE,,,20230421162533
1627,jac,JAC,jactye,TONGYUE,TONGYUE,,,20230421162533
1628,jac,JAC,jacyee,YUEYUE,YUEYUE,,,20230421162533
1629,jac,JAC,jacyec,YUEYUE CROSS,YUEYUE CROSS,,,20230421162533
1630,jac,JAC,jaca20,HEYUE A20,HEYUE A20,,,20230421162533
1631,jac,JAC,jaca30,HEYUE A30,HEYUE A30,,,20230421162533
1632,jac,JAC,jachrs,HEYUE RS,HEYUE RS,,,20230421162533
1633,jac,JAC,jacs30,HEYUE S30,HEYUE S30,,,20230421162533
1634,jac,JAC,jaceri,REIN,REIN,,,20230421162533
1635,jac,JAC,jaca60,REFINE A60,REFINE A60,,,20230421162533
1636,jac,JAC,jacrm3,REFINE M3,REFINE M3,,,20230421162533
1637,jac,JAC,jacrm4,REFINE M4,REFINEM4,,,20230421162533
1638,jac,JAC,jacrm5,REFINE M5,REFINE M5,,,20230421162533
1639,jac,JAC,jacrm6,REFINE M6,REFINE M6,,,20230421162533
1640,jac,JAC,jacm6m,REFINE M6 MAX,REFINE M6 MAX,,,20230421162533
1641,jac,JAC,jacl6m,REFINE L6 MAX,REFINE L6 MAX,,,20230421162533
1642,jac,JAC,jacrr3,REFINE R3,REFINE R3,,,20230421162533
1643,jac,JAC,jacrs2,REFINE S2,REFINE S2,,,20230421162533
1644,jac,JAC,jaci7s,REFINE IEV7S,REFINE IEV7S,,,20230421162533
1645,jac,JAC,jacs2m,REFINE S2 MINI,REFINE S2 MINI,,,20230421162533
1646,jac,JAC,jacrs2,REFINE S3,REFINE S3,,,20230421162533
1647,jac,JAC,jacrm2,REFINE M2,REFINE M2,,,20230421162533
1648,jac,JAC,jacrs4,REFINE S4,REFINE S4,,,20230421162533
1649,jac,JAC,jacrs5,REFINE S5,REFINE S5,,,20230421162533
1650,jac,JAC,jacrs7,REFINE S7,REFINE S7,,,20230421162533
1651,jac,JAC,jacja5,JIAYUE A5,JIAYUE A5,,,20230421162533
1652,jac,JAC,jacjx4,JIAYUE X4,JIAYUE X4,,,20230421162533
1653,jac,JAC,jacjx7,JIAYUE X7,JIAYUE X7,,,20230421162533
1654,jac,JAC,jacjx8,JIAYUE X8,JIAYUE X8,,,20230421162533
1655,skd,SKODA,skdey,엔야크,ENYAQ,,,20230421162533
1656,drm,DR,drmze,DR ZERO,DR ZERO,,,20230421162533
1657,drm,DR,drmd1,DR1,DR1,,,20230421162533
1658,drm,DR,drmd2,DR2,DR2,,,20230421162533
1659,drm,DR,drmd3,DR3,DR3,,,20230421162533
1660,drm,DR,drmd4,DR4,DR4,,,20230421162533
1661,drm,DR,drmd5,DR5,DR5,,,20230421162533
1662,drm,DR,drmd6,DR6,DR6,,,20230421162533
1663,drm,DR,drmcw,DR CITYWAGON,DR CITYWAGON,,,20230421162533
1664,drm,DR,drmcc,DR CITYCROSS,DR CITYCROSS,,,20230421162533
1665,drm,DR,drmcv,DR CITYVAN,DR CITYVAN,,,20230421162533
1666,drm,DR,drm50,DR 5.0,DR 5.0,,,20230421162533
1667,drm,DR,drm35,DR F35,DR F35,,,20230421162533
1668,abt,ABARTH,abt12,124,124,,,20230421162533
1669,rnt,RENAULT,rntdt,더스터,DUSTER,,,20230421162533
1670,kia,KIA,kiak8,K8,K8,,,20230421162533
1671,hyd,HYUNDAI,hydscz,싼타 크루즈,SANTA CRUZ,,,20230421162533
1672,hyd,HYUNDAI,hydsta,스타리아,STARIA,,,20230421162533
1673,hyd,HYUNDAI,hydpt2,포터 II,PORTER II,,,20230421162533
1674,hyd,HYUNDAI,hydio5,아이오닉 5,IONIQ 5,,,20230421162533
1675,hyd,HYUNDAI,hydio6,아이오닉 6,IONIQ 6,,,20230421162533
1676,hyd,HYUNDAI,hydcsp,캐스퍼,CASPER,,,20230421162533
1677,kia,KIA,kiaev6,EV6,EV6,,,20230421162533
1678,kia,KIA,kiabg3,봉고 III,BONGO III,,,20230421162533
1679,kia,KIA,kiaev9,EV9,EV9,,,20230421162533
1680,ssy,SSANGYONG,ssytrs,토레스,TORRES,,,20230421162533
1681,ssy,SSANGYONG,ssykdt,코란도 투리스모,KORANDO TURISMO,,,20230421162533
1682,ssy,SSANGYONG,ssykds,코란도 스포츠,KORANDO SPORTS,,,20230421162533
